"Data Source","World Development Indicators",

"Last Updated Date","2023-10-26",

"Country Name","Country Code","Indicator Name","Indicator Code","1960","1961","1962","1963","1964","1965","1966","1967","1968","1969","1970","1971","1972","1973","1974","1975","1976","1977","1978","1979","1980","1981","1982","1983","1984","1985","1986","1987","1988","1989","1990","1991","1992","1993","1994","1995","1996","1997","1998","1999","2000","2001","2002","2003","2004","2005","2006","2007","2008","2009","2010","2011","2012","2013","2014","2015","2016","2017","2018","2019","2020","2021","2022",
"Aruba","ABW","Tariff rate, most favored nation, weighted mean, all products (%)","TM.TAX.MRCH.WM.FN.ZS","","","","","","","","","","","","","","","","","","","","","","","","","","","","","","","","","","","","","","","","","","","","","","","","","","","","9.97","9.52","9.69","","10.02","10.16","10.3","10.15","12.12","","","",
"Africa Eastern and Southern","AFE","Tariff rate, most favored nation, weighted mean, all products (%)","TM.TAX.MRCH.WM.FN.ZS","","","","","","","","","","","","","","","","","","","","","","","","","","","","","","","","","","","","","","","","","","","","","","","","","","","","","","","","","","","","","","","",
"Afghanistan","AFG","Tariff rate, most favored nation, weighted mean, all products (%)","TM.TAX.MRCH.WM.FN.ZS","","","","","","","","","","","","","","","","","","","","","","","","","","","","","","","","","","","","","","","","","","","","","4.01","","7.79","7.81","5","","","","5.5","5.5","","","","","5.72","","","","",
"Africa Western and Central","AFW","Tariff rate, most favored nation, weighted mean, all products (%)","TM.TAX.MRCH.WM.FN.ZS","","","","","","","","","","","","","","","","","","","","","","","","","","","","","","","","","","","","","","","","","","","","","","","","","","","","","","","","","","","","","","","",
"Angola","AGO","Tariff rate, most favored nation, weighted mean, all products (%)","TM.TAX.MRCH.WM.FN.ZS","","","","","","","","","","","","","","","","","","","","","","","","","","","","","","","","","","","","","","","","","","","8.44","","6.16","7.08","7.08","","9.17","9.15","9.23","8.36","7.61","7.52","10.3","9.38","9.38","","7.68","6.52","9.23","","",
"Albania","ALB","Tariff rate, most favored nation, weighted mean, all products (%)","TM.TAX.MRCH.WM.FN.ZS","","","","","","","","","","","","","","","","","","","","","","","","","","","","","","","","","","","","","","14.41","","","11.65","11.28","8.35","8.17","7.34","7.36","6.61","5.86","5.14","4.9","4.87","4.59","3.54","3.69","3.69","3.58","3.53","2.66","3.16","3.16","3.32","","",
"Andorra","AND","Tariff rate, most favored nation, weighted mean, all products (%)","TM.TAX.MRCH.WM.FN.ZS","","","","","","","","","","","","","","","","","","","","","","","","","","","","","","","","","","","","","","","","","","","","","","","","","","","","","","","","","","","","","","","",
"Arab World","ARB","Tariff rate, most favored nation, weighted mean, all products (%)","TM.TAX.MRCH.WM.FN.ZS","","","","","","","","","","","","","","","","","","","","","","","","","","","","","","","","","","","","","","","","","","","","","","","","","","","","","","","","","","","","","","","",
"United Arab Emirates","ARE","Tariff rate, most favored nation, weighted mean, all products (%)","TM.TAX.MRCH.WM.FN.ZS","","","","","","","","","","","","","","","","","","","","","","","","","","","","","","","","","","","","","","","","","","","","","","4.42","","3.95","3.88","3.88","","3.87","3.6","3.69","3.6","3.34","3.18","4.91","4.71","4.27","3.6","","",
"Argentina","ARG","Tariff rate, most favored nation, weighted mean, all products (%)","TM.TAX.MRCH.WM.FN.ZS","","","","","","","","","","","","","","","","","","","","","","","","","","","","","","","","","12.66","12.53","","11.41","13.4","13.93","15.67","14.76","14.49","13.51","12.01","12.87","12.21","11.74","11.92","12.17","10.43","12.21","12.52","12.03","11.92","11.01","11.5","11.53","12.32","14.68","12.41","11.47","11.14","","",
"Armenia","ARM","Tariff rate, most favored nation, weighted mean, all products (%)","TM.TAX.MRCH.WM.FN.ZS","","","","","","","","","","","","","","","","","","","","","","","","","","","","","","","","","","","","","","","","","","2.43","","2.27","2.41","2.28","2.99","2.42","2.96","2.69","2.8","3.08","3.14","2.97","3.17","4.5","3.51","3.64","","7.99","4.9","","",
"American Samoa","ASM","Tariff rate, most favored nation, weighted mean, all products (%)","TM.TAX.MRCH.WM.FN.ZS","","","","","","","","","","","","","","","","","","","","","","","","","","","","","","","","","","","","","","","","","","","","","","","","","","","","","","","","","","","","","","","",
"Antigua and Barbuda","ATG","Tariff rate, most favored nation, weighted mean, all products (%)","TM.TAX.MRCH.WM.FN.ZS","","","","","","","","","","","","","","","","","","","","","","","","","","","","","","","","","","","","","22.64","","","20.3","15.39","12.8","12.8","12.36","12.11","12.18","13.34","14.9","14.62","14.8","11.56","11.56","13.66","16.72","11.43","13.81","13.44","14.54","16.86","14.72","14.72","","",
"Australia","AUS","Tariff rate, most favored nation, weighted mean, all products (%)","TM.TAX.MRCH.WM.FN.ZS","","","","","","","","","","","","","","","","","","","","","","","","","","","","","","","","19.87","","11.01","","","6.91","6.93","6.6","6.21","5.95","4.91","3.99","4.05","4","3.3","4.09","4.26","3.88","3.96","3.61","2.47","2.58","2.63","2.69","2.72","2.71","2.9","2.86","2.72","2.73","","",
"Austria","AUT","Tariff rate, most favored nation, weighted mean, all products (%)","TM.TAX.MRCH.WM.FN.ZS","","","","","","","","","","","","","","","","","","","","","","","","","","","","","4.73","4.73","5.97","5.68","6.06","5.97","5.87","7.38","6.07","5.67","4.86","4.52","3.75","4.07","3.91","4.01","3.64","3.54","3.33","3.23","2.99","3.23","3.08","3","2.84","2.95","3.07","3.09","3.29","3.27","3.11","3.08","2.8","","",
"Azerbaijan","AZE","Tariff rate, most favored nation, weighted mean, all products (%)","TM.TAX.MRCH.WM.FN.ZS","","","","","","","","","","","","","","","","","","","","","","","","","","","","","","","","","","","","","","","","","","","6.75","","","6.09","","5.95","5.78","6.27","","5.99","6.63","6.58","6.67","6.75","","","","17.66","8.04","","",
"Burundi","BDI","Tariff rate, most favored nation, weighted mean, all products (%)","TM.TAX.MRCH.WM.FN.ZS","","","","","","","","","","","","","","","","","","","","","","","","","","","","","","","","","","","","","","","","","","","21.13","20.79","","21.1","17.49","14.64","13.38","19.5","19.5","15.46","15.16","12.39","13.03","10.84","10.25","","16.27","15.81","17.25","","",
"Belgium","BEL","Tariff rate, most favored nation, weighted mean, all products (%)","TM.TAX.MRCH.WM.FN.ZS","","","","","","","","","","","","","","","","","","","","","","","","","","","","","4.73","4.73","5.97","5.68","6.06","5.97","5.87","7.38","6.07","5.67","4.86","4.52","3.75","4.07","3.91","4.01","3.64","3.54","3.33","3.23","2.99","3.23","3.08","3","2.84","2.95","3.07","3.09","3.29","3.27","3.11","3.08","2.8","","",
"Benin","BEN","Tariff rate, most favored nation, weighted mean, all products (%)","TM.TAX.MRCH.WM.FN.ZS","","","","","","","","","","","","","","","","","","","","","","","","","","","","","","","","","","","","","","","","","","12.62","12.7","12.69","12.7","12.68","12.6","11.75","11.75","11.75","11.75","11.73","11.73","11.73","11","13.56","12.46","17.84","15.52","11.93","11.93","","",
"Burkina Faso","BFA","Tariff rate, most favored nation, weighted mean, all products (%)","TM.TAX.MRCH.WM.FN.ZS","","","","","","","","","","","","","","","","","","","","","","","","","","","","","","","","","","5","","","","","","","","11.16","11.45","11.3","11.38","11.03","10.56","10.42","10.42","10.42","10.63","10.18","9.65","9.65","9.65","9.32","9.6","9.08","10.81","11.97","9.44","","",
"Bangladesh","BGD","Tariff rate, most favored nation, weighted mean, all products (%)","TM.TAX.MRCH.WM.FN.ZS","","","","","","","","","","","","","","","","","","","","","","","","","","","","","","88.43","","","","","77.19","","","","22.15","18.52","18.11","17.89","18.31","19.06","15.8","22.7","21.64","9.25","7.71","10.71","9.94","9.63","12.84","12.09","","12.32","11.03","","","9.34","11.48","","",
"Bulgaria","BGR","Tariff rate, most favored nation, weighted mean, all products (%)","TM.TAX.MRCH.WM.FN.ZS","","","","","","","","","","","","","","","","","","","","","","","","","","","","","4.73","4.73","5.97","5.68","6.06","5.97","5.87","7.38","6.07","5.67","4.86","4.52","3.75","4.07","3.91","4.01","3.64","3.54","3.33","3.23","2.99","3.23","3.08","3","2.84","2.95","3.07","3.09","3.29","3.27","3.11","3.08","2.8","","",
"Bahrain","BHR","Tariff rate, most favored nation, weighted mean, all products (%)","TM.TAX.MRCH.WM.FN.ZS","","","","","","","","","","","","","","","","","","","","","","","","","","","","","","","","","","","","","","","","10.72","10.36","8.51","5.79","5.76","5.77","5.53","5.41","5.71","5.31","5.3","5.15","5.92","5.92","4.49","3.99","4.23","4.16","8.56","6.17","5.83","4.32","","",
"Bahamas, The","BHS","Tariff rate, most favored nation, weighted mean, all products (%)","TM.TAX.MRCH.WM.FN.ZS","","","","","","","","","","","","","","","","","","","","","","","","","","","","","","","","","","","","","","","","28.58","","","25.02","","","","23.88","","","","20.22","19.46","","19.9","19.83","19.03","18.95","","17.69","","","","",
"Bosnia and Herzegovina","BIH","Tariff rate, most favored nation, weighted mean, all products (%)","TM.TAX.MRCH.WM.FN.ZS","","","","","","","","","","","","","","","","","","","","","","","","","","","","","","","","","","","","","","","","","","7.46","","","","","8.88","8.61","8.28","8.73","8.16","7.8","7.78","7.77","7.86","8.07","8.18","8.08","8.77","52.14","8.74","","",
"Belarus","BLR","Tariff rate, most favored nation, weighted mean, all products (%)","TM.TAX.MRCH.WM.FN.ZS","","","","","","","","","","","","","","","","","","","","","","","","","","","","","","","","","","","","","8.85","9.5","","","7.63","7.91","8.8","","","","","","7.3","7.01","6","5.01","5.68","5.69","4.89","4.29","4.08","4.01","3.98","10.95","4.33","","",
"Belize","BLZ","Tariff rate, most favored nation, weighted mean, all products (%)","TM.TAX.MRCH.WM.FN.ZS","","","","","","","","","","","","","","","","","","","","","","","","","","","","","","","","","","","","","15.63","","","11.19","","10.72","11.65","11.35","","","10.02","9.67","9.25","12.06","12.05","8.9","8.88","11.01","11.01","11.15","11.49","11.24","12.1","12","20.74","","",
"Bermuda","BMU","Tariff rate, most favored nation, weighted mean, all products (%)","TM.TAX.MRCH.WM.FN.ZS","","","","","","","","","","","","","","","","","","","","","","","","","","","","","","","","","","","","","","","","","","","","","","","","18.75","18.98","18.68","18.61","17.06","17.44","17.23","15.27","18.67","18.73","20.85","27.59","103.17","24.07","","",
"Bolivia","BOL","Tariff rate, most favored nation, weighted mean, all products (%)","TM.TAX.MRCH.WM.FN.ZS","","","","","","","","","","","","","","","","","","","","","","","","","","","","","","","","","","9.44","9.95","9.49","9.31","9.31","9.04","9.14","8.46","8.71","9.25","8.56","8.96","8.67","8.44","8.43","8.48","8.59","8.96","8.8","8.92","8.55","8.56","8.89","8.89","9.63","9.27","9.27","10.1","","",
"Brazil","BRA","Tariff rate, most favored nation, weighted mean, all products (%)","TM.TAX.MRCH.WM.FN.ZS","","","","","","","","","","","","","","","","","","","","","","","","","","","","","","31.92","18.95","16.55","15.71","13.02","13.27","12.69","14.83","14","15.94","13.85","12.69","10.47","10.01","9.53","9.06","8.54","8.46","8.58","8.58","9.92","10.09","10.1","10.12","10.08","9.92","10.32","10.19","10.87","10.99","10.82","10.25","","",
"Barbados","BRB","Tariff rate, most favored nation, weighted mean, all products (%)","TM.TAX.MRCH.WM.FN.ZS","","","","","","","","","","","","","","","","","","","","","","","","","","","","","","","","","","","","","23.64","","","22.78","21.01","20.34","20.78","21.45","20.2","","17.12","19.23","","","15.77","13.15","8.69","15.39","","","","","","","15.57","","",
"Brunei Darussalam","BRN","Tariff rate, most favored nation, weighted mean, all products (%)","TM.TAX.MRCH.WM.FN.ZS","","","","","","","","","","","","","","","","","","","","","","","","","","","","","","","","","4.43","","","","11.41","11.25","11.26","6.35","7.85","11.19","11.09","12.28","6.43","6.2","5.94","5.71","2.02","2.51","2.51","2.45","","","1.13","","1.19","0.12","0.11","0.08","0.08","","",
"Bhutan","BTN","Tariff rate, most favored nation, weighted mean, all products (%)","TM.TAX.MRCH.WM.FN.ZS","","","","","","","","","","","","","","","","","","","","","","","","","","","","","","","","","","","","","14.55","","","","","","15.54","","21.49","21.54","","27.53","","","","","","","","21.7","","","","22.96","23.68","","",
"Botswana","BWA","Tariff rate, most favored nation, weighted mean, all products (%)","TM.TAX.MRCH.WM.FN.ZS","","","","","","","","","","","","","","","","","","","","","","","","","","","","","","","","","","","","","","","","","","11.34","9.3","","8.41","9.45","8.48","8.53","7.97","8.02","7.68","7.13","4.98","5.45","5.66","5.01","6.08","7.18","6.53","10.62","6.54","","",
"Central African Republic","CAF","Tariff rate, most favored nation, weighted mean, all products (%)","TM.TAX.MRCH.WM.FN.ZS","","","","","","","","","","","","","","","","","","","","","","","","","","","","","","","","","","","","14.86","","16.78","","","","18.3","16.86","29.86","29.86","29.49","29.87","17.63","17.62","17.62","17.62","17.43","17.44","17.69","","17.52","17.52","17.52","","","","","",
"Canada","CAN","Tariff rate, most favored nation, weighted mean, all products (%)","TM.TAX.MRCH.WM.FN.ZS","","","","","","","","","","","","","","","","","","","","","","","","","","","","","","8.08","","","","6.98","","6.93","5.6","5.19","3.95","3.73","3.43","3.61","3.67","6.11","3.54","3.4","3.38","3.49","3.36","3.49","2.96","2.84","2.88","2.97","2.94","3.11","3.2","3.17","3.09","7.24","3.16","","",
"Central Europe and the Baltics","CEB","Tariff rate, most favored nation, weighted mean, all products (%)","TM.TAX.MRCH.WM.FN.ZS","","","","","","","","","","","","","","","","","","","","","","","","","","","","","","","","","","","","","","","","","","","","","","","","","","","","","","","","","","","","","","","",
"Switzerland","CHE","Tariff rate, most favored nation, weighted mean, all products (%)","TM.TAX.MRCH.WM.FN.ZS","","","","","","","","","","","","","","","","","","","","","","","","","","","","","","","13.22","","","14.75","","16.77","11.39","5.86","5.35","5.02","4.46","4.38","4.33","4.82","4.3","4.37","4.41","3.92","3.92","3.97","3.44","4.07","2.67","4.07","4.11","2.92","2.89","3.34","3.42","7.77","3.29","","",
"Channel Islands","CHI","Tariff rate, most favored nation, weighted mean, all products (%)","TM.TAX.MRCH.WM.FN.ZS","","","","","","","","","","","","","","","","","","","","","","","","","","","","","","","","","","","","","","","","","","","","","","","","","","","","","","","","","","","","","","","",
"Chile","CHL","Tariff rate, most favored nation, weighted mean, all products (%)","TM.TAX.MRCH.WM.FN.ZS","","","","","","","","","","","","","","","","","","","","","","","","","","","","","","","","","10.95","10.94","10.93","10.93","10.97","10.97","10.94","9.96","9","8","6.96","5.77","5.99","5.95","5.89","5.92","5.91","5.94","5.94","5.92","5.83","5.89","","5.9","5.89","5.97","5.98","5.97","5.97","","",
"China","CHN","Tariff rate, most favored nation, weighted mean, all products (%)","TM.TAX.MRCH.WM.FN.ZS","","","","","","","","","","","","","","","","","","","","","","","","","","","","","","","","","32.17","30.29","27.93","","19.76","15.82","15.5","14.46","14.67","14.11","7.72","6.48","5.96","4.9","4.4","5.48","4.87","3.97","5.3","6.97","","","5.6","5.58","4.29","4.89","4.27","3.29","3.31","","",
"Cote d'Ivoire","CIV","Tariff rate, most favored nation, weighted mean, all products (%)","TM.TAX.MRCH.WM.FN.ZS","","","","","","","","","","","","","","","","","","","","","","","","","","","","","","","","","","4.89","","","4.1","","","","","7.22","9.69","9.61","8.54","7.61","7.38","6.65","6.65","7.57","7.23","7.07","6.74","6.74","6.44","8.37","8.74","10.28","10.34","8.24","8.15","","",
"Cameroon","CMR","Tariff rate, most favored nation, weighted mean, all products (%)","TM.TAX.MRCH.WM.FN.ZS","","","","","","","","","","","","","","","","","","","","","","","","","","","","","","","","","","","13.7","14.54","","","","","","13.49","13.9","14.27","14.27","14.45","13.81","13.31","13.3","11.89","13.3","12.74","11.93","13.28","12.9","","","","","15.7","","","",
"Congo, Dem. Rep.","COD","Tariff rate, most favored nation, weighted mean, all products (%)","TM.TAX.MRCH.WM.FN.ZS","","","","","","","","","","","","","","","","","","","","","","","","","","","","","","","","","","","","","","","","","","","","12.65","","","11.26","11.57","11.07","12.04","11.03","","","","10.19","","","","","10.83","8.4","","",
"Congo, Rep.","COG","Tariff rate, most favored nation, weighted mean, all products (%)","TM.TAX.MRCH.WM.FN.ZS","","","","","","","","","","","","","","","","","","","","","","","","","","","","","","","","","","","16.35","","","15.19","","","","11.89","11.89","11.79","11.79","11.93","11.79","15.79","15.76","15.76","15.76","15.76","","16.21","16.14","11.82","","","","","","","",
"Colombia","COL","Tariff rate, most favored nation, weighted mean, all products (%)","TM.TAX.MRCH.WM.FN.ZS","","","","","","","","","","","","","","","","","","","","","","","","","","","","","","","","6.45","10.55","","11.64","12.21","11.19","11.31","11.18","10.69","10.98","10.83","11.28","11.06","11.39","11.42","12.01","12.27","11.62","11.13","11.82","8.99","7.65","7.18","7","6.54","6.98","9.83","7.9","7.8","7.09","","",
"Comoros","COM","Tariff rate, most favored nation, weighted mean, all products (%)","TM.TAX.MRCH.WM.FN.ZS","","","","","","","","","","","","","","","","","","","","","","","","","","","","","","","","","","","","","","","","","","","","","","","","","4.93","","6.39","6.39","6.5","6.72","8.21","7.71","","11.05","7.72","4.59","4.84","","",
"Cabo Verde","CPV","Tariff rate, most favored nation, weighted mean, all products (%)","TM.TAX.MRCH.WM.FN.ZS","","","","","","","","","","","","","","","","","","","","","","","","","","","","","","","","","","","","","","","","","","","","","","13.75","13.19","12.23","12.23","11.93","11.05","10.3","10.6","10.89","","10.89","","","","11.55","12.27","","",
"Costa Rica","CRI","Tariff rate, most favored nation, weighted mean, all products (%)","TM.TAX.MRCH.WM.FN.ZS","","","","","","","","","","","","","","","","","","","","","","","","","","","","","","","","","","","","8.81","9.04","9.06","7.36","5.25","4.59","4.44","4.23","4.47","4.58","4.14","4.08","4.21","4.39","3.76","3.86","4.09","4.17","4.1","4.4","","5.25","","5.47","5.25","5.44","","",
"Caribbean small states","CSS","Tariff rate, most favored nation, weighted mean, all products (%)","TM.TAX.MRCH.WM.FN.ZS","","","","","","","","","","","","","","","","","","","","","","","","","","","","","","","","","","","","","","","","","","","","","","","","","","","","","","","","","","","","","","","",
"Cuba","CUB","Tariff rate, most favored nation, weighted mean, all products (%)","TM.TAX.MRCH.WM.FN.ZS","","","","","","","","","","","","","","","","","","","","","","","","","","","","","","","","","","11.06","","","8.88","8.82","8.88","8.78","8.45","9.15","8.79","9.01","8.53","8.22","10.09","10.05","10.05","10.1","10.16","9.57","9.6","9.04","","9.81","9.54","9.18","","10.06","10.45","","",
"Curacao","CUW","Tariff rate, most favored nation, weighted mean, all products (%)","TM.TAX.MRCH.WM.FN.ZS","","","","","","","","","","","","","","","","","","","","","","","","","","","","","","","","","","","","","","","","","","","","","","","","","","","","","","","","","","","","","","","",
"Cayman Islands","CYM","Tariff rate, most favored nation, weighted mean, all products (%)","TM.TAX.MRCH.WM.FN.ZS","","","","","","","","","","","","","","","","","","","","","","","","","","","","","","","","","","","","","","","","","","","","","","","","","","","","","","","","","16.72","","","","","","",
"Cyprus","CYP","Tariff rate, most favored nation, weighted mean, all products (%)","TM.TAX.MRCH.WM.FN.ZS","","","","","","","","","","","","","","","","","","","","","","","","","","","","","4.73","4.73","5.97","5.68","6.06","5.97","5.87","7.38","6.07","5.67","4.86","4.52","3.75","4.07","3.91","4.01","3.64","3.54","3.33","3.23","2.99","3.23","3.08","3","2.84","2.95","3.07","3.09","3.29","3.27","3.11","3.08","2.8","","",
"Czechia","CZE","Tariff rate, most favored nation, weighted mean, all products (%)","TM.TAX.MRCH.WM.FN.ZS","","","","","","","","","","","","","","","","","","","","","","","","","","","","","4.73","4.73","5.97","5.68","6.06","5.97","5.87","7.38","6.07","5.67","4.86","4.52","3.75","4.07","3.91","4.01","3.64","3.54","3.33","3.23","2.99","3.23","3.08","3","2.84","2.95","3.07","3.09","3.29","3.27","3.11","3.08","2.8","","",
"Germany","DEU","Tariff rate, most favored nation, weighted mean, all products (%)","TM.TAX.MRCH.WM.FN.ZS","","","","","","","","","","","","","","","","","","","","","","","","","","","","","4.73","4.73","5.97","5.68","6.06","5.97","5.87","7.38","6.07","5.67","4.86","4.52","3.75","4.07","3.91","4.01","3.64","3.54","3.33","3.23","2.99","3.23","3.08","3","2.84","2.95","3.07","3.09","3.29","3.27","3.11","3.08","2.8","","",
"Djibouti","DJI","Tariff rate, most favored nation, weighted mean, all products (%)","TM.TAX.MRCH.WM.FN.ZS","","","","","","","","","","","","","","","","","","","","","","","","","","","","","","","","","","","","","","","56.72","217.78","","","28.49","","","26.31","27.72","","","17.27","","17.7","17.7","","17.56","","","","","","","","",
"Dominica","DMA","Tariff rate, most favored nation, weighted mean, all products (%)","TM.TAX.MRCH.WM.FN.ZS","","","","","","","","","","","","","","","","","","","","","","","","","","","","","","","","","","","","","18.61","15.98","16","15.96","13.82","13.51","14.82","14.2","","","12.94","13.01","","","11.11","14.32","12.21","14.32","","14","14","13.76","","","9.88","","",
"Denmark","DNK","Tariff rate, most favored nation, weighted mean, all products (%)","TM.TAX.MRCH.WM.FN.ZS","","","","","","","","","","","","","","","","","","","","","","","","","","","","","4.73","4.73","5.97","5.68","6.06","5.97","5.87","7.38","6.07","5.67","4.86","4.52","3.75","4.07","3.91","4.01","3.64","3.54","3.33","3.23","2.99","3.23","3.08","3","2.84","2.95","3.07","3.09","3.29","3.27","3.11","3.08","2.8","","",
"Dominican Republic","DOM","Tariff rate, most favored nation, weighted mean, all products (%)","TM.TAX.MRCH.WM.FN.ZS","","","","","","","","","","","","","","","","","","","","","","","","","","","","","","","","","","","","","7.87","12.29","7.87","7.87","15.86","8.11","9.2","8.91","8.92","8.56","8.95","8.13","8.94","","6.58","6.29","6.2","6.37","","7.71","7.71","8.33","8.33","","7.97","","",
"Algeria","DZA","Tariff rate, most favored nation, weighted mean, all products (%)","TM.TAX.MRCH.WM.FN.ZS","","","","","","","","","","","","","","","","","","","","","","","","","","","","","","","","","","15.5","","","","16.93","17.26","","","15.16","12.99","11.97","","11.66","11.93","11.47","11.37","11.93","","","","","12.52","12.02","12.6","12.69","13.57","13.59","13.75","","",
"East Asia & Pacific (excluding high income)","EAP","Tariff rate, most favored nation, weighted mean, all products (%)","TM.TAX.MRCH.WM.FN.ZS","","","","","","","","","","","","","","","","","","","","","","","","","","","","","19.42","24.26","14.91","22.11","26.91","23.69","24.09","13.7","13.22","12.07","11.05","14.22","10.26","10.54","6.58","6.67","5.93","5.16","4.82","5.41","4.9","4.29","5.22","6.33","4.89","5.18","5.54","5.78","4.57","5.15","","","","","",
"Early-demographic dividend","EAR","Tariff rate, most favored nation, weighted mean, all products (%)","TM.TAX.MRCH.WM.FN.ZS","","","","","","","","","","","","","","","","","","","","","","","","","","","","","","","","","","","","","","","","","","","","","","","","","","","","","","","","","","","","","","","",
"East Asia & Pacific","EAS","Tariff rate, most favored nation, weighted mean, all products (%)","TM.TAX.MRCH.WM.FN.ZS","","","","","","","","","","","","","","","","","","","","","","","","","","","","","6.31","9.58","7.32","10.65","11.71","14.92","12.96","6.64","7.3","6.31","5.86","6.58","5.72","6.34","5.03","5.03","4.46","3.94","3.64","3.92","3.81","3.57","3.87","4.48","3.04","3.14","4","4.28","3.71","3.88","","","","","",
"Europe & Central Asia (excluding high income)","ECA","Tariff rate, most favored nation, weighted mean, all products (%)","TM.TAX.MRCH.WM.FN.ZS","","","","","","","","","","","","","","","","","","","","","","","","","","","","","","","","11.87","","6.93","9.82","5.41","7.8","7.65","6.36","7.58","5.84","8.42","6.73","4.76","6.59","7.8","4.73","5.97","6.57","6.32","6.02","6.08","6.82","6.06","5.97","5.39","4.85","4.86","","","","","",
"Europe & Central Asia","ECS","Tariff rate, most favored nation, weighted mean, all products (%)","TM.TAX.MRCH.WM.FN.ZS","","","","","","","","","","","","","","","","","","","","","","","","","","","","","4.95","4.31","13.55","9.87","9.61","9.45","9.82","10.4","8.98","7.61","6.71","6.52","5.75","6.4","6.08","5.38","4.31","5.62","4.35","5.14","5.64","5.33","5.2","5.45","5.27","5.54","5.35","4.52","4.13","4.31","","","","","",
"Ecuador","ECU","Tariff rate, most favored nation, weighted mean, all products (%)","TM.TAX.MRCH.WM.FN.ZS","","","","","","","","","","","","","","","","","","","","","","","","","","","","","","","","","","8.15","11.47","11.05","10.95","10.39","10.7","11.11","9.58","11.16","10.67","9.9","9.91","9.53","8.94","8.87","7.8","6.84","6.83","6.21","6.38","","7.03","8.65","9.51","10.25","11.17","17.26","10.15","","",
"Egypt, Arab Rep.","EGY","Tariff rate, most favored nation, weighted mean, all products (%)","TM.TAX.MRCH.WM.FN.ZS","","","","","","","","","","","","","","","","","","","","","","","","","","","","","","","","","","","","17.05","","","14.17","16.68","16.82","16.72","19.89","15.04","10.63","10.01","10.05","8.92","8.85","9","11.76","9.69","9.82","11.1","10.61","10.51","11.47","11.92","12.96","17.88","","","",
"Euro area","EMU","Tariff rate, most favored nation, weighted mean, all products (%)","TM.TAX.MRCH.WM.FN.ZS","","","","","","","","","","","","","","","","","","","","","","","","","","","","","","","","","","","","","","","","","","","","","","","","","","","","","","","","","","","","","","","",
"Eritrea","ERI","Tariff rate, most favored nation, weighted mean, all products (%)","TM.TAX.MRCH.WM.FN.ZS","","","","","","","","","","","","","","","","","","","","","","","","","","","","","","","","","","","","","","","","","","","5.8","","","","5.8","","","","","","","","","","","","","","","","",
"Spain","ESP","Tariff rate, most favored nation, weighted mean, all products (%)","TM.TAX.MRCH.WM.FN.ZS","","","","","","","","","","","","","","","","","","","","","","","","","","","","","4.73","4.73","5.97","5.68","6.06","5.97","5.87","7.38","6.07","5.67","4.86","4.52","3.75","4.07","3.91","4.01","3.64","3.54","3.33","3.23","2.99","3.23","3.08","3","2.84","2.95","3.07","3.09","3.29","3.27","3.11","3.08","2.8","","",
"Estonia","EST","Tariff rate, most favored nation, weighted mean, all products (%)","TM.TAX.MRCH.WM.FN.ZS","","","","","","","","","","","","","","","","","","","","","","","","","","","","","4.73","4.73","5.97","5.68","6.06","5.97","5.87","7.38","6.07","5.67","4.86","4.52","3.75","4.07","3.91","4.01","3.64","3.54","3.33","3.23","2.99","3.23","3.08","3","2.84","2.95","3.07","3.09","3.29","3.27","3.11","3.08","2.8","","",
"Ethiopia","ETH","Tariff rate, most favored nation, weighted mean, all products (%)","TM.TAX.MRCH.WM.FN.ZS","","","","","","","","","","","","","","","","","","","","","","","","","","","","","","","","","","","","18.15","","","","","","12.11","13.48","","","","12.03","","10.09","10.38","10.27","10.51","9.98","","","12.16","","","12.16","","","","",
"European Union","EUU","Tariff rate, most favored nation, weighted mean, all products (%)","TM.TAX.MRCH.WM.FN.ZS","","","","","","","","","","","","","","","","","","","","","","","","","","","","","4.73","4.73","5.97","5.68","6.06","5.97","5.87","7.38","6.07","5.67","4.86","4.52","3.75","4.07","3.91","4.01","3.64","3.54","3.33","3.23","2.99","3.23","3.08","3","2.84","2.95","3.07","3.09","3.29","3.27","3.11","3.08","2.8","","",
"Fragile and conflict affected situations","FCS","Tariff rate, most favored nation, weighted mean, all products (%)","TM.TAX.MRCH.WM.FN.ZS","","","","","","","","","","","","","","","","","","","","","","","","","","","","","","","","","","","","","","","","","","","","","","","","","","","","","","","","","","","","","","","",
"Finland","FIN","Tariff rate, most favored nation, weighted mean, all products (%)","TM.TAX.MRCH.WM.FN.ZS","","","","","","","","","","","","","","","","","","","","","","","","","","","","","4.73","4.73","5.97","5.68","6.06","5.97","5.87","7.38","6.07","5.67","4.86","4.52","3.75","4.07","3.91","4.01","3.64","3.54","3.33","3.23","2.99","3.23","3.08","3","2.84","2.95","3.07","3.09","3.29","3.27","3.11","3.08","2.8","","",
"Fiji","FJI","Tariff rate, most favored nation, weighted mean, all products (%)","TM.TAX.MRCH.WM.FN.ZS","","","","","","","","","","","","","","","","","","","","","","","","","","","","","","","","","","","","","","","","","","","","9.51","10.44","","8.92","9.07","9.98","12.15","11.29","19.9","11.75","12.08","","11.12","","16.17","16.45","24.08","16.74","","",
"France","FRA","Tariff rate, most favored nation, weighted mean, all products (%)","TM.TAX.MRCH.WM.FN.ZS","","","","","","","","","","","","","","","","","","","","","","","","","","","","","4.73","4.73","5.97","5.68","6.06","5.97","5.87","7.38","6.07","5.67","4.86","4.52","3.75","4.07","3.91","4.01","3.64","3.54","3.33","3.23","2.99","3.23","3.08","3","2.84","2.95","3.07","3.09","3.29","3.27","3.11","3.08","2.8","","",
"Faroe Islands","FRO","Tariff rate, most favored nation, weighted mean, all products (%)","TM.TAX.MRCH.WM.FN.ZS","","","","","","","","","","","","","","","","","","","","","","","","","","","","","","","","","","","","","","","","","","","","","","","","","","","","","","","","","","","","","","","",
"Micronesia, Fed. Sts.","FSM","Tariff rate, most favored nation, weighted mean, all products (%)","TM.TAX.MRCH.WM.FN.ZS","","","","","","","","","","","","","","","","","","","","","","","","","","","","","","","","","","","","","","","","","","","","","","","","","","","","","","","","","","","","","","","",
"Gabon","GAB","Tariff rate, most favored nation, weighted mean, all products (%)","TM.TAX.MRCH.WM.FN.ZS","","","","","","","","","","","","","","","","","","","","","","","","","","","","","","","","","","","","16.38","","","15.43","","14.59","16.15","14.72","16.78","16.78","16.29","","14.25","14.45","14.75","14.99","15.11","15.18","14.36","","14.54","16.93","","","14.94","","","",
"United Kingdom","GBR","Tariff rate, most favored nation, weighted mean, all products (%)","TM.TAX.MRCH.WM.FN.ZS","","","","","","","","","","","","","","","","","","","","","","","","","","","","","","","","","","","","","","","","","4.22","4.83","4.27","4.77","4.68","4.54","4.19","3.99","3.7","4.28","3.84","3.53","3.13","3.37","3.46","3.48","3.64","3.11","3.04","2.65","2.14","","",
"Georgia","GEO","Tariff rate, most favored nation, weighted mean, all products (%)","TM.TAX.MRCH.WM.FN.ZS","","","","","","","","","","","","","","","","","","","","","","","","","","","","","","","","","","","","","","","","10.12","","9.67","10.7","9.44","9.43","8.21","8.32","1.49","1.39","1.33","1.38","2.18","1.9","1.89","","1.67","1.88","","","","1.74","","",
"Ghana","GHA","Tariff rate, most favored nation, weighted mean, all products (%)","TM.TAX.MRCH.WM.FN.ZS","","","","","","","","","","","","","","","","","","","","","","","","","","","","","","","","","","10","","","","","","","16.2","9.05","9.05","9.05","","","","8.99","8.6","9.98","10.06","","","10.06","","","11.16","11.1","10.89","10.53","11.02","","",
"Gibraltar","GIB","Tariff rate, most favored nation, weighted mean, all products (%)","TM.TAX.MRCH.WM.FN.ZS","","","","","","","","","","","","","","","","","","","","","","","","","","","","","","","","","","","","","","","","","","","","","","","","","","","","","","","","","","","","","","","",
"Guinea","GIN","Tariff rate, most favored nation, weighted mean, all products (%)","TM.TAX.MRCH.WM.FN.ZS","","","","","","","","","","","","","","","","","","","","","","","","","","","","","","","","","","","","","","","5.97","","","","","","6.11","12.53","","","11.91","11.75","11.91","","11.91","","","","","12.25","11.31","12.32","12.79","","",
"Gambia, The","GMB","Tariff rate, most favored nation, weighted mean, all products (%)","TM.TAX.MRCH.WM.FN.ZS","","","","","","","","","","","","","","","","","","","","","","","","","","","","","","","","","","","","","","","","","","","","11.09","","","","14.72","14.77","13.46","12.02","12.5","12.5","12.66","","","","","18.11","","19.11","","",
"Guinea-Bissau","GNB","Tariff rate, most favored nation, weighted mean, all products (%)","TM.TAX.MRCH.WM.FN.ZS","","","","","","","","","","","","","","","","","","","","","","","","","","","","","","","","","","","","","","","","","","12.8","12.8","13.28","13.94","11.62","13.81","13.36","13.38","11.62","13.85","13.22","12.28","12.79","12.69","","","15.5","14.43","15.19","14.65","","",
"Equatorial Guinea","GNQ","Tariff rate, most favored nation, weighted mean, all products (%)","TM.TAX.MRCH.WM.FN.ZS","","","","","","","","","","","","","","","","","","","","","","","","","","","","","","","","","","","","","","","15.16","","","14.43","15.8","","","15.24","","15.63","","","","","","","","","","","","","","","",
"Greece","GRC","Tariff rate, most favored nation, weighted mean, all products (%)","TM.TAX.MRCH.WM.FN.ZS","","","","","","","","","","","","","","","","","","","","","","","","","","","","","4.73","4.73","5.97","5.68","6.06","5.97","5.87","7.38","6.07","5.67","4.86","4.52","3.75","4.07","3.91","4.01","3.64","3.54","3.33","3.23","2.99","3.23","3.08","3","2.84","2.95","3.07","3.09","3.29","3.27","3.11","3.08","2.8","","",
"Grenada","GRD","Tariff rate, most favored nation, weighted mean, all products (%)","TM.TAX.MRCH.WM.FN.ZS","","","","","","","","","","","","","","","","","","","","","","","","","","","","","","","","","","","","","18.58","","","16.2","11.31","15.81","12.04","11.43","","","11.8","12.63","12.72","","12.51","12.46","13.32","12.16","","12.23","13.13","","","11.4","","","",
"Greenland","GRL","Tariff rate, most favored nation, weighted mean, all products (%)","TM.TAX.MRCH.WM.FN.ZS","","","","","","","","","","","","","","","","","","","","","","","","","","","","","","","","","","","","","","","","","","","","","","","","","","","","","","","","","","","","","","","",
"Guatemala","GTM","Tariff rate, most favored nation, weighted mean, all products (%)","TM.TAX.MRCH.WM.FN.ZS","","","","","","","","","","","","","","","","","","","","","","","","","","","","","","","","","","","","8.66","","6.8","6.98","5.94","5.81","6.52","6.11","6.53","6.16","5.82","5.39","5.4","5.17","5.48","5.32","5.16","6.7","5.15","4.76","4.76","","","","","5.45","","",
"Guam","GUM","Tariff rate, most favored nation, weighted mean, all products (%)","TM.TAX.MRCH.WM.FN.ZS","","","","","","","","","","","","","","","","","","","","","","","","","","","","","","","","","","","","","","","","","","","","","","","","","","","","","","","","","","","","","","","",
"Guyana","GUY","Tariff rate, most favored nation, weighted mean, all products (%)","TM.TAX.MRCH.WM.FN.ZS","","","","","","","","","","","","","","","","","","","","","","","","","","","","","","","","","","","","","18.71","","","15.2","15.54","11.61","11.84","11.5","","","11.15","11.08","10.51","11.58","11.27","11.13","10.67","11.92","","11.39","11.32","11.27","6.22","10.49","9.37","","",
"High income","HIC","Tariff rate, most favored nation, weighted mean, all products (%)","TM.TAX.MRCH.WM.FN.ZS","","","","","","","","","","","","","","","","","","","","","","","","","","","","","4.33","5.63","6.48","5.84","5.97","6.17","6.1","5.59","5.6","4.71","4.42","4.31","4.05","4.27","4.07","4.13","3.48","3.3","3.19","3.06","3.2","3.22","3.04","3.14","2.99","3.01","3.02","3.18","3.09","3.39","","","","","",
"Hong Kong SAR, China","HKG","Tariff rate, most favored nation, weighted mean, all products (%)","TM.TAX.MRCH.WM.FN.ZS","","","","","","","","","","","","","","","","","","","","","","","","","","","","","0","","","","","","","","0","0","0","0","0","0","0","0","0","0","0","0","0","0","0","0","0","0","0","0","0","0","0","0","0","","",
"Honduras","HND","Tariff rate, most favored nation, weighted mean, all products (%)","TM.TAX.MRCH.WM.FN.ZS","","","","","","","","","","","","","","","","","","","","","","","","","","","","","","","","","","","","8.97","7.8","9.76","8.05","7.7","8.35","8.8","7.18","7.18","6.85","6.01","5.92","6.51","6.47","6.71","6.65","6.35","6.31","5.77","","6.02","","","7.38","","7.65","","",
"Heavily indebted poor countries (HIPC)","HPC","Tariff rate, most favored nation, weighted mean, all products (%)","TM.TAX.MRCH.WM.FN.ZS","","","","","","","","","","","","","","","","","","","","","","","","","","","","","","","","","","","","","","","","","","","","","","","","","","","","","","","","","","","","","","","",
"Croatia","HRV","Tariff rate, most favored nation, weighted mean, all products (%)","TM.TAX.MRCH.WM.FN.ZS","","","","","","","","","","","","","","","","","","","","","","","","","","","","","4.73","4.73","5.97","5.68","6.06","5.97","5.87","7.38","6.07","5.67","4.86","4.52","3.75","4.07","3.91","4.01","3.64","3.54","3.33","3.23","2.99","3.23","3.08","3","2.84","2.95","3.07","3.09","3.29","3.27","3.11","3.08","2.8","","",
"Haiti","HTI","Tariff rate, most favored nation, weighted mean, all products (%)","TM.TAX.MRCH.WM.FN.ZS","","","","","","","","","","","","","","","","","","","","","","","","","","","","","","","","","","","","","","","","","","3.59","3.8","","","","","4.75","4.81","3.5","6.97","6.58","4.44","6.52","7.18","6.55","6.52","","","","6.76","","",
"Hungary","HUN","Tariff rate, most favored nation, weighted mean, all products (%)","TM.TAX.MRCH.WM.FN.ZS","","","","","","","","","","","","","","","","","","","","","","","","","","","","","4.73","4.73","5.97","5.68","6.06","5.97","5.87","7.38","6.07","5.67","4.86","4.52","3.75","4.07","3.91","4.01","3.64","3.54","3.33","3.23","2.99","3.23","3.08","3","2.84","2.95","3.07","3.09","3.29","3.27","3.11","3.08","2.8","","",
"IBRD only","IBD","Tariff rate, most favored nation, weighted mean, all products (%)","TM.TAX.MRCH.WM.FN.ZS","","","","","","","","","","","","","","","","","","","","","","","","","","","","","","","","","","","","","","","","","","","","","","","","","","","","","","","","","","","","","","","",
"IDA & IBRD total","IBT","Tariff rate, most favored nation, weighted mean, all products (%)","TM.TAX.MRCH.WM.FN.ZS","","","","","","","","","","","","","","","","","","","","","","","","","","","","","","","","","","","","","","","","","","","","","","","","","","","","","","","","","","","","","","","",
"IDA total","IDA","Tariff rate, most favored nation, weighted mean, all products (%)","TM.TAX.MRCH.WM.FN.ZS","","","","","","","","","","","","","","","","","","","","","","","","","","","","","","","","","","","","","","","","","","","","","","","","","","","","","","","","","","","","","","","",
"IDA blend","IDB","Tariff rate, most favored nation, weighted mean, all products (%)","TM.TAX.MRCH.WM.FN.ZS","","","","","","","","","","","","","","","","","","","","","","","","","","","","","","","","","","","","","","","","","","","","","","","","","","","","","","","","","","","","","","","",
"Indonesia","IDN","Tariff rate, most favored nation, weighted mean, all products (%)","TM.TAX.MRCH.WM.FN.ZS","","","","","","","","","","","","","","","","","","","","","","","","","","","","","","14.54","15.09","","","12.51","","10.89","7.73","15.06","5.48","6.05","5.16","4.35","5.07","4.86","5.03","5.38","4.85","3.87","4.38","2.55","4.74","4.79","4.83","4.66","","","5.4","5.67","5.89","6.14","5.88","","",
"IDA only","IDX","Tariff rate, most favored nation, weighted mean, all products (%)","TM.TAX.MRCH.WM.FN.ZS","","","","","","","","","","","","","","","","","","","","","","","","","","","","","","","","","","","","","","","","","","","","","","","","","","","","","","","","","","","","","","","",
"Isle of Man","IMN","Tariff rate, most favored nation, weighted mean, all products (%)","TM.TAX.MRCH.WM.FN.ZS","","","","","","","","","","","","","","","","","","","","","","","","","","","","","","","","","","","","","","","","","","","","","","","","","","","","","","","","","","","","","","","",
"India","IND","Tariff rate, most favored nation, weighted mean, all products (%)","TM.TAX.MRCH.WM.FN.ZS","","","","","","","","","","","","","","","","","","","","","","","","","","","","","","","56.36","","27.01","","","","23.72","20.14","","28.54","23.36","26.65","23.08","21.45","22.97","14.06","8.99","11.99","6.13","7.04","7.34","7.33","6.32","6.34","","7.49","7.57","6.85","6","8.77","7.65","","",
"Not classified","INX","Tariff rate, most favored nation, weighted mean, all products (%)","TM.TAX.MRCH.WM.FN.ZS","","","","","","","","","","","","","","","","","","","","","","","","","","","","","","","","","","","","","","","","","","","","","","","","","","","","","","","","","","","","","","","",
"Ireland","IRL","Tariff rate, most favored nation, weighted mean, all products (%)","TM.TAX.MRCH.WM.FN.ZS","","","","","","","","","","","","","","","","","","","","","","","","","","","","","4.73","4.73","5.97","5.68","6.06","5.97","5.87","7.38","6.07","5.67","4.86","4.52","3.75","4.07","3.91","4.01","3.64","3.54","3.33","3.23","2.99","3.23","3.08","3","2.84","2.95","3.07","3.09","3.29","3.27","3.11","3.08","2.8","","",
"Iran, Islamic Rep.","IRN","Tariff rate, most favored nation, weighted mean, all products (%)","TM.TAX.MRCH.WM.FN.ZS","","","","","","","","","","","","","","","","","","","","","","","","","","","","","","","","","","","","","","","","","22.74","","","16.74","13.84","","","17.55","14.31","","","15.23","","","","","","","","15.43","12.09","","",
"Iraq","IRQ","Tariff rate, most favored nation, weighted mean, all products (%)","TM.TAX.MRCH.WM.FN.ZS","","","","","","","","","","","","","","","","","","","","","","","","","","","","","","","","","","","","","","","","","","","","","","","","","","","","","","","","","","","","","","","",
"Iceland","ISL","Tariff rate, most favored nation, weighted mean, all products (%)","TM.TAX.MRCH.WM.FN.ZS","","","","","","","","","","","","","","","","","","","","","","","","","","","","","","","","","","5.47","","","3.64","","4.6","3.74","4.81","3.76","","4.37","4.61","4.31","3.12","3.9","3.38","3.26","2.98","2.99","2.82","3.21","3.32","3.28","3.1","2.31","","2.93","","","",
"Israel","ISR","Tariff rate, most favored nation, weighted mean, all products (%)","TM.TAX.MRCH.WM.FN.ZS","","","","","","","","","","","","","","","","","","","","","","","","","","","","","","","","","","4.93","","","","","","6","3.83","3.66","3.47","3.28","2.91","2.94","3.03","2.86","3.11","3.49","","2.94","2.9","2.77","2.85","3.31","3.38","3.49","","","","","",
"Italy","ITA","Tariff rate, most favored nation, weighted mean, all products (%)","TM.TAX.MRCH.WM.FN.ZS","","","","","","","","","","","","","","","","","","","","","","","","","","","","","4.73","4.73","5.97","5.68","6.06","5.97","5.87","7.38","6.07","5.67","4.86","4.52","3.75","4.07","3.91","4.01","3.64","3.54","3.33","3.23","2.99","3.23","3.08","3","2.84","2.95","3.07","3.09","3.29","3.27","3.11","3.08","2.8","","",
"Jamaica","JAM","Tariff rate, most favored nation, weighted mean, all products (%)","TM.TAX.MRCH.WM.FN.ZS","","","","","","","","","","","","","","","","","","","","","","","","","","","","","","","","","","","","","17.85","","","16.67","9.85","9.53","9.83","10.08","9.43","","8.98","8.92","","","9.7","9.51","12.19","11.67","","10.52","10.84","","","","9.78","","",
"Jordan","JOR","Tariff rate, most favored nation, weighted mean, all products (%)","TM.TAX.MRCH.WM.FN.ZS","","","","","","","","","","","","","","","","","","","","","","","","","","","","","","","","","","","","","","","","","18.92","12.32","12.66","11.44","11.23","12.04","9.38","9.21","8.5","8.67","8.46","8.06","8.1","8.08","8.7","8.65","9.22","9.39","","","8.86","","",
"Japan","JPN","Tariff rate, most favored nation, weighted mean, all products (%)","TM.TAX.MRCH.WM.FN.ZS","","","","","","","","","","","","","","","","","","","","","","","","","","","","","5.14","5.03","4.43","4.96","5.25","5.46","5.45","5.72","7.06","4.82","4.7","4.93","5","6.05","5.83","5.57","4.26","3.87","3.07","3","2.76","3.27","2.56","2.68","2.64","1.5","2.7","2.83","3.12","3.06","3.03","11.32","3.23","","",
"Kazakhstan","KAZ","Tariff rate, most favored nation, weighted mean, all products (%)","TM.TAX.MRCH.WM.FN.ZS","","","","","","","","","","","","","","","","","","","","","","","","","","","","","","","","","","","","","","","","","","","","","1.91","","","","4.75","","7.17","7.61","7.88","7.3","6.58","5.62","5.39","5.15","5.01","6.87","4.32","","",
"Kenya","KEN","Tariff rate, most favored nation, weighted mean, all products (%)","TM.TAX.MRCH.WM.FN.ZS","","","","","","","","","","","","","","","","","","","","","","","","","","","","","","","","","","","20.99","","","","","12.86","16.52","15","12.23","","10.44","7.55","7.02","8.15","8.19","10.23","8.71","7.95","13.08","10.62","11.53","13.15","13.35","","12.66","13.35","12.02","","",
"Kyrgyz Republic","KGZ","Tariff rate, most favored nation, weighted mean, all products (%)","TM.TAX.MRCH.WM.FN.ZS","","","","","","","","","","","","","","","","","","","","","","","","","","","","","","","","","","","","0","","","","","2.78","3.33","6.8","4.31","","","3.91","3.87","4.32","4.52","4.35","4","4.14","4.14","3.91","6.6","5.83","5.71","5.09","17.5","5.84","","",
"Cambodia","KHM","Tariff rate, most favored nation, weighted mean, all products (%)","TM.TAX.MRCH.WM.FN.ZS","","","","","","","","","","","","","","","","","","","","","","","","","","","","","","","","","","","","","","","","","","16.49","16.28","16.47","","11.08","10.86","11.68","11.42","","9.5","8.94","9.08","","8.34","","9.77","","","","9.62","","",
"Kiribati","KIR","Tariff rate, most favored nation, weighted mean, all products (%)","TM.TAX.MRCH.WM.FN.ZS","","","","","","","","","","","","","","","","","","","","","","","","","","","","","","","","","","","","","","","","","","","","","","","","","","","","","","","","","","","","","","","",
"St. Kitts and Nevis","KNA","Tariff rate, most favored nation, weighted mean, all products (%)","TM.TAX.MRCH.WM.FN.ZS","","","","","","","","","","","","","","","","","","","","","","","","","","","","","","","","","","","","","21.57","","","17.87","13.11","12.61","13.68","13.71","","","13.91","14","15.18","15.11","14.57","14.2","14.04","14.03","14.04","14.05","14.07","26.64","26.78","27.87","10.24","","",
"Korea, Rep.","KOR","Tariff rate, most favored nation, weighted mean, all products (%)","TM.TAX.MRCH.WM.FN.ZS","","","","","","","","","","","","","","","","","","","","","","","","","","","","","13.94","10.61","9.54","","8.53","","","6.84","15.02","13.45","13.61","5.9","9.55","10.41","9.98","9.72","9.27","7.97","7.46","7.41","8.37","7.89","7.31","7.45","7.72","7.99","7.99","8.42","8.83","9.07","9.07","","10.42","","",
"Kuwait","KWT","Tariff rate, most favored nation, weighted mean, all products (%)","TM.TAX.MRCH.WM.FN.ZS","","","","","","","","","","","","","","","","","","","","","","","","","","","","","","","","","","","","","","","","","","","4.3","4.52","4.52","4.71","4.54","4.11","4.32","3.9","3.94","3.94","4.26","4.07","3.87","3.78","3.78","5.16","5.65","5.39","3.91","","",
"Latin America & Caribbean (excluding high income)","LAC","Tariff rate, most favored nation, weighted mean, all products (%)","TM.TAX.MRCH.WM.FN.ZS","","","","","","","","","","","","","","","","","","","","","","","","","","","","","","31.92","18.95","13.21","13.61","12.49","12.24","11.77","12.91","12.68","13.07","13.74","13.31","12.72","12.62","12.36","11.41","10.64","10.15","9.98","9.36","8.74","7.74","7.46","7.5","7.12","7.12","6.82","6.86","7.04","","","","","",
"Lao PDR","LAO","Tariff rate, most favored nation, weighted mean, all products (%)","TM.TAX.MRCH.WM.FN.ZS","","","","","","","","","","","","","","","","","","","","","","","","","","","","","","","","","","","","","","","","","14.06","13.09","","","12.48","13.67","13.93","13.91","13.15","","","","","","9.4","9.59","8.1","8.27","8.26","8.69","8.69","","",
"Lebanon","LBN","Tariff rate, most favored nation, weighted mean, all products (%)","TM.TAX.MRCH.WM.FN.ZS","","","","","","","","","","","","","","","","","","","","","","","","","","","","","","","","","","","","","","","","11.59","16.94","8.36","27.31","","5.33","6.13","5.69","6.53","","","","","","","5.05","5.46","5.47","6.67","26.51","6.16","5.42","","",
"Liberia","LBR","Tariff rate, most favored nation, weighted mean, all products (%)","TM.TAX.MRCH.WM.FN.ZS","","","","","","","","","","","","","","","","","","","","","","","","","","","","","","","","","","","","","","","","","","","","","","","","","","","","","13.11","12.2","12.18","","","","9.56","","6.61","","",
"Libya","LBY","Tariff rate, most favored nation, weighted mean, all products (%)","TM.TAX.MRCH.WM.FN.ZS","","","","","","","","","","","","","","","","","","","","","","","","","","","","","","","","","","","","","35.63","","","","","","30.73","","","","0","","","","","","","","","","","","","","4.58","","",
"St. Lucia","LCA","Tariff rate, most favored nation, weighted mean, all products (%)","TM.TAX.MRCH.WM.FN.ZS","","","","","","","","","","","","","","","","","","","","","","","","","","","","","","","","","","","","","18.52","","","16.3","16.34","12.22","12.69","12.78","","13.76","12.04","11.56","","","5.92","5.8","7","10.94","11.4","11.2","12.08","","","20.42","13.17","","",
"Latin America & Caribbean","LCN","Tariff rate, most favored nation, weighted mean, all products (%)","TM.TAX.MRCH.WM.FN.ZS","","","","","","","","","","","","","","","","","","","","","","","","","","","","","","31.92","18.95","13.21","13.64","12.49","12.24","11.77","12.88","12.68","13.07","13.85","13.32","12.67","12.62","12.3","11.38","10.62","10.26","10","9.42","8.74","7.8","7.51","7.52","7.2","7.17","6.87","6.94","7.05","","","","","",
"Least developed countries: UN classification","LDC","Tariff rate, most favored nation, weighted mean, all products (%)","TM.TAX.MRCH.WM.FN.ZS","","","","","","","","","","","","","","","","","","","","","","","","","","","","","","","","","","","","","","","","","","","","","","","","","","","","","","","","","","","","","","","",
"Low income","LIC","Tariff rate, most favored nation, weighted mean, all products (%)","TM.TAX.MRCH.WM.FN.ZS","","","","","","","","","","","","","","","","","","","","","","","","","","","","","","","","","","14.89","19","11.35","25.64","15.75","16.57","14.47","11.46","9.76","12.82","10.98","9.12","10.99","10.37","10.53","33.57","9.12","10.45","9.57","9.76","10.33","9.52","10.48","9.51","10.5","","","","","",
"Liechtenstein","LIE","Tariff rate, most favored nation, weighted mean, all products (%)","TM.TAX.MRCH.WM.FN.ZS","","","","","","","","","","","","","","","","","","","","","","","","","","","","","","","","","","","","","","","","","","","","","","","","","","","","","","","","","","","","","","","",
"Sri Lanka","LKA","Tariff rate, most favored nation, weighted mean, all products (%)","TM.TAX.MRCH.WM.FN.ZS","","","","","","","","","","","","","","","","","","","","","","","","","","","","","","","28.98","","","31.29","31.25","","","25.96","9.94","","6.95","6.75","","6.48","7.03","7.89","7.55","7.65","7.59","7.9","8.63","8.29","7.68","","7.72","5.04","","9.16","12.54","13.99","6.74","","",
"Lower middle income","LMC","Tariff rate, most favored nation, weighted mean, all products (%)","TM.TAX.MRCH.WM.FN.ZS","","","","","","","","","","","","","","","","","","","","","","","","","","","","","","","","","","","","","","","","","","","","","","","","","","","","","","","","","","","","","","","",
"Low & middle income","LMY","Tariff rate, most favored nation, weighted mean, all products (%)","TM.TAX.MRCH.WM.FN.ZS","","","","","","","","","","","","","","","","","","","","","","","","","","","","","22.67","23.05","26.58","","20.65","17.15","21.64","18","12.45","13.61","13.79","17.31","14.74","14.73","12.53","13.84","12.49","10.86","9.27","9.16","7.14","7.52","7.58","7.32","6.5","6.57","8.03","7.71","7.69","6.77","","","","","",
"Lesotho","LSO","Tariff rate, most favored nation, weighted mean, all products (%)","TM.TAX.MRCH.WM.FN.ZS","","","","","","","","","","","","","","","","","","","","","","","","","","","","","","","","","","","","","","","","","","12.31","","","16.72","16.85","15.99","13.62","12.36","11.61","10.94","13.53","13.41","10.73","11.02","11.99","11.77","12.1","11.55","30.04","11.65","","",
"Late-demographic dividend","LTE","Tariff rate, most favored nation, weighted mean, all products (%)","TM.TAX.MRCH.WM.FN.ZS","","","","","","","","","","","","","","","","","","","","","","","","","","","","","","","","","","","","","","","","","","","","","","","","","","","","","","","","","","","","","","","",
"Lithuania","LTU","Tariff rate, most favored nation, weighted mean, all products (%)","TM.TAX.MRCH.WM.FN.ZS","","","","","","","","","","","","","","","","","","","","","","","","","","","","","4.73","4.73","5.97","5.68","6.06","5.97","5.87","7.38","6.07","5.67","4.86","4.52","3.75","4.07","3.91","4.01","3.64","3.54","3.33","3.23","2.99","3.23","3.08","3","2.84","2.95","3.07","3.09","3.29","3.27","3.11","3.08","2.8","","",
"Luxembourg","LUX","Tariff rate, most favored nation, weighted mean, all products (%)","TM.TAX.MRCH.WM.FN.ZS","","","","","","","","","","","","","","","","","","","","","","","","","","","","","4.73","4.73","5.97","5.68","6.06","5.97","5.87","7.38","6.07","5.67","4.86","4.52","3.75","4.07","3.91","4.01","3.64","3.54","3.33","3.23","2.99","3.23","3.08","3","2.84","2.95","3.07","3.09","3.29","3.27","3.11","3.08","2.8","","",
"Latvia","LVA","Tariff rate, most favored nation, weighted mean, all products (%)","TM.TAX.MRCH.WM.FN.ZS","","","","","","","","","","","","","","","","","","","","","","","","","","","","","4.73","4.73","5.97","5.68","6.06","5.97","5.87","7.38","6.07","5.67","4.86","4.52","3.75","4.07","3.91","4.01","3.64","3.54","3.33","3.23","2.99","3.23","3.08","3","2.84","2.95","3.07","3.09","3.29","3.27","3.11","3.08","2.8","","",
"Macao SAR, China","MAC","Tariff rate, most favored nation, weighted mean, all products (%)","TM.TAX.MRCH.WM.FN.ZS","","","","","","","","","","","","","","","","","","","","","","","","","","","","","","","","","","","","","0","0","0","0","0","0","0","0","0","0","0","0","0","0","0","0","0","0","0","0","0","0","0","0","0","","",
"St. Martin (French part)","MAF","Tariff rate, most favored nation, weighted mean, all products (%)","TM.TAX.MRCH.WM.FN.ZS","","","","","","","","","","","","","","","","","","","","","","","","","","","","","","","","","","","","","","","","","","","","","","","","","","","","","","","","","","","","","","","",
"Morocco","MAR","Tariff rate, most favored nation, weighted mean, all products (%)","TM.TAX.MRCH.WM.FN.ZS","","","","","","","","","","","","","","","","","","","","","","","","","","","","","","","","","","45.44","","","","17.31","","","25.42","24.8","24.49","24.88","","19.81","18.21","17.95","16.2","14.53","13.01","11.71","9.88","","9.03","9.77","10.78","10.51","","10.45","10.45","","",
"Monaco","MCO","Tariff rate, most favored nation, weighted mean, all products (%)","TM.TAX.MRCH.WM.FN.ZS","","","","","","","","","","","","","","","","","","","","","","","","","","","","","","","","","","","","","","","","","","","","","","","","","","","","","","","","","","","","","","","",
"Moldova","MDA","Tariff rate, most favored nation, weighted mean, all products (%)","TM.TAX.MRCH.WM.FN.ZS","","","","","","","","","","","","","","","","","","","","","","","","","","","","","","","","","","","","","1.89","","","","2.34","2.9","","3.37","3.08","3.23","3.05","2.7","2.92","3.21","3.19","3.35","3.64","7.52","3.83","4.54","4.99","","","","4.86","","",
"Madagascar","MDG","Tariff rate, most favored nation, weighted mean, all products (%)","TM.TAX.MRCH.WM.FN.ZS","","","","","","","","","","","","","","","","","","","","","","","","","","","","","","","","","","","","5.18","4.6","5.31","4.73","","4.5","3.47","2.72","3.32","1.74","6.54","10.27","9.78","9.59","8.72","7.7","7.57","7.31","7.28","7.03","9.71","8.43","9.5","9.5","10.11","10.13","","",
"Maldives","MDV","Tariff rate, most favored nation, weighted mean, all products (%)","TM.TAX.MRCH.WM.FN.ZS","","","","","","","","","","","","","","","","","","","","","","","","","","","","","","","","","","","","","","","","","20.45","20.22","19.87","20.68","19.84","21.1","21.24","","20.37","20.05","19.71","20.75","6.56","7.1","7.85","11.66","11.86","13.16","12.03","19.03","12.2","","",
"Middle East & North Africa","MEA","Tariff rate, most favored nation, weighted mean, all products (%)","TM.TAX.MRCH.WM.FN.ZS","","","","","","","","","","","","","","","","","","","","","","","","","","","","","","","25.87","","19.29","13.29","10.72","21.21","35.63","14.16","18.83","13.43","14.33","12.5","14.06","11.2","8.52","7.43","7.67","6.42","7.32","6.6","9.24","6.54","5.45","5.06","5.45","5.52","6.09","6.58","","","","","",
"Mexico","MEX","Tariff rate, most favored nation, weighted mean, all products (%)","TM.TAX.MRCH.WM.FN.ZS","","","","","","","","","","","","","","","","","","","","","","","","","","","","","","","","11.91","","","","11.35","14.02","13.08","13.05","15.78","15.15","15.24","15.57","15.44","13.85","12.75","11.78","11.42","10.83","8.26","5.64","5.37","5.17","4.87","4.64","4.45","4.35","4.32","3.92","","","","",
"Marshall Islands","MHL","Tariff rate, most favored nation, weighted mean, all products (%)","TM.TAX.MRCH.WM.FN.ZS","","","","","","","","","","","","","","","","","","","","","","","","","","","","","","","","","","","","","","","","","","","","","","","","","","","","","","","","","","","","","","","",
"Middle income","MIC","Tariff rate, most favored nation, weighted mean, all products (%)","TM.TAX.MRCH.WM.FN.ZS","","","","","","","","","","","","","","","","","","","","","","","","","","","","","","","","","","","","","","","","","","","","","","","","","","","","","","","","","","","","","","","",
"North Macedonia","MKD","Tariff rate, most favored nation, weighted mean, all products (%)","TM.TAX.MRCH.WM.FN.ZS","","","","","","","","","","","","","","","","","","","","","","","","","","","","","","","","","","","","","","","","","","13.85","7.74","","8.09","7.72","7.21","6.07","6.07","6.97","6.42","6.49","6.68","7.14","6.31","6.16","5.95","5.32","5.22","4.98","4.69","","",
"Mali","MLI","Tariff rate, most favored nation, weighted mean, all products (%)","TM.TAX.MRCH.WM.FN.ZS","","","","","","","","","","","","","","","","","","","","","","","","","","","","","","","","","","","","2.94","10.35","10.35","10.35","6.68","","10.64","10.77","10.9","10.96","10.41","10.62","10.6","10.6","10.35","10.35","10.1","9.78","9.78","9.78","10.5","10.5","10.04","10","12.85","11.66","","",
"Malta","MLT","Tariff rate, most favored nation, weighted mean, all products (%)","TM.TAX.MRCH.WM.FN.ZS","","","","","","","","","","","","","","","","","","","","","","","","","","","","","4.73","4.73","5.97","5.68","6.06","5.97","5.87","7.38","6.07","5.67","4.86","4.52","3.75","4.07","3.91","4.01","3.64","3.54","3.33","3.23","2.99","3.23","3.08","3","2.84","2.95","3.07","3.09","3.29","3.27","3.11","3.08","2.8","","",
"Myanmar","MMR","Tariff rate, most favored nation, weighted mean, all products (%)","TM.TAX.MRCH.WM.FN.ZS","","","","","","","","","","","","","","","","","","","","","","","","","","","","","","","","","","","","","4.13","4.13","4.13","4.13","4.13","4.11","4.11","4.11","4.11","2.93","2.93","2.93","2.93","","2.95","2.95","4.86","4.07","","3.56","","","","6.11","","","",
"Middle East & North Africa (excluding high income)","MNA","Tariff rate, most favored nation, weighted mean, all products (%)","TM.TAX.MRCH.WM.FN.ZS","","","","","","","","","","","","","","","","","","","","","","","","","","","","","","","25.87","","26.02","28.41","","21.21","35.63","17.15","18.83","18.34","18.89","16.64","20.87","16.68","12.43","12.84","11.69","11.74","12.66","11.5","11.69","11.79","9.81","10.42","10.04","10.13","10.45","11.15","","","","","",
"Montenegro","MNE","Tariff rate, most favored nation, weighted mean, all products (%)","TM.TAX.MRCH.WM.FN.ZS","","","","","","","","","","","","","","","","","","","","","","","","","","","","","","","","","","","","","","","","","","","","","","","","6.28","8.04","9.13","9.67","8.95","9.28","7.07","6.69","6.51","5.92","5.95","5.7","5.62","5.07","","",
"Mongolia","MNG","Tariff rate, most favored nation, weighted mean, all products (%)","TM.TAX.MRCH.WM.FN.ZS","","","","","","","","","","","","","","","","","","","","","","","","","","","","","","","","","","","","","","","","0.09","5.04","6.95","6.98","5.03","5.02","4.29","4.4","5.1","5.1","5.1","5.03","5.03","","5.03","","4.57","","5.69","5.47","5.53","5.54","","",
"Northern Mariana Islands","MNP","Tariff rate, most favored nation, weighted mean, all products (%)","TM.TAX.MRCH.WM.FN.ZS","","","","","","","","","","","","","","","","","","","","","","","","","","","","","","","","","","","","","","","","","","","","","","","","","","","","","","","","","","","","","","","",
"Mozambique","MOZ","Tariff rate, most favored nation, weighted mean, all products (%)","TM.TAX.MRCH.WM.FN.ZS","","","","","","","","","","","","","","","","","","","","","","","","","","","","","","","","","","","","","","","","","","11.71","8.69","8.71","","8.46","7.92","8.04","7.07","7.08","7.09","7.09","7.08","","7.23","","6.93","","7.38","","7.38","","",
"Mauritania","MRT","Tariff rate, most favored nation, weighted mean, all products (%)","TM.TAX.MRCH.WM.FN.ZS","","","","","","","","","","","","","","","","","","","","","","","","","","","","","","","","","","","","","","","","","","9.92","","","","","9.9","9.46","9.29","8.68","7.94","8.05","","","8.62","8.67","","","8.03","8.03","12.19","","",
"Mauritius","MUS","Tariff rate, most favored nation, weighted mean, all products (%)","TM.TAX.MRCH.WM.FN.ZS","","","","","","","","","","","","","","","","","","","","","","","","","","","","","","","","","","","","24.15","18.36","19.24","24.08","20.44","12.12","12.01","12.94","","12.53","5.43","2.03","2.55","2.69","1.28","1.24","1.29","1.03","1.04","0.84","0.85","0.97","1.05","1.03","1.42","1.31","","",
"Malawi","MWI","Tariff rate, most favored nation, weighted mean, all products (%)","TM.TAX.MRCH.WM.FN.ZS","","","","","","","","","","","","","","","","","","","","","","","","","","","","","","","","","","","22.31","","19.09","20.77","14.72","","12.39","11.55","","11.13","","","20.67","","8.02","9.63","8.76","8.59","7.62","7.44","7.91","7.9","8.23","","","9.01","9.29","","",
"Malaysia","MYS","Tariff rate, most favored nation, weighted mean, all products (%)","TM.TAX.MRCH.WM.FN.ZS","","","","","","","","","","","","","","","","","","","","","","","","","","","","","14.65","","","11.26","","9.73","","","6.27","6.23","5.23","5.14","4.81","5.51","4.7","5.29","5.37","4.27","4.36","4.83","5.06","5.19","4.37","4.17","4.41","4.44","3.52","","4.02","","","","3.6","","",
"North America","NAC","Tariff rate, most favored nation, weighted mean, all products (%)","TM.TAX.MRCH.WM.FN.ZS","","","","","","","","","","","","","","","","","","","","","","","","","","","","","","","","","","","","","","","","","","","","","","","","","","","","","","","","","","","","","","","",
"Namibia","NAM","Tariff rate, most favored nation, weighted mean, all products (%)","TM.TAX.MRCH.WM.FN.ZS","","","","","","","","","","","","","","","","","","","","","","","","","","","","","","","","","","","","","","","","","","10.88","9.19","","10.81","11.19","10.73","9.53","9.23","9.84","9.55","9.4","8.19","7.72","7.55","7.61","7.82","8.3","6.76","11.1","6.26","","",
"New Caledonia","NCL","Tariff rate, most favored nation, weighted mean, all products (%)","TM.TAX.MRCH.WM.FN.ZS","","","","","","","","","","","","","","","","","","","","","","","","","","","","","","","","","","","","","","","","","","","","","","","","","","","","","","","","","","","","","","","",
"Niger","NER","Tariff rate, most favored nation, weighted mean, all products (%)","TM.TAX.MRCH.WM.FN.ZS","","","","","","","","","","","","","","","","","","","","","","","","","","","","","","","","","","","","","","","","","","13.66","12.81","12.67","11.69","11.99","11.54","10.59","10.59","10.59","11.11","10.74","11.05","11.96","10.82","10.41","10.85","11.92","12.89","14.35","11.08","","",
"Nigeria","NGA","Tariff rate, most favored nation, weighted mean, all products (%)","TM.TAX.MRCH.WM.FN.ZS","","","","","","","","","","","","","","","","","","","","","","","","","","","","","23.8","24.69","24.83","","25.32","","","91.27","16.06","16.21","16.21","19.77","19.99","21.47","18.45","20.62","","9.34","9.4","","9.79","9.83","10.7","10.15","","10.07","11.34","8.33","8.63","","","","12.38","","",
"Nicaragua","NIC","Tariff rate, most favored nation, weighted mean, all products (%)","TM.TAX.MRCH.WM.FN.ZS","","","","","","","","","","","","","","","","","","","","","","","","","","","","","","","","","","","","8.42","8.26","5.94","5.94","11","4.69","5.6","5.22","5.09","5.81","5.46","4.82","5.77","5.34","5.65","5.27","5.38","5.34","5.66","5.67","5.92","6.69","6.9","6.72","7.01","7.49","","",
"Netherlands","NLD","Tariff rate, most favored nation, weighted mean, all products (%)","TM.TAX.MRCH.WM.FN.ZS","","","","","","","","","","","","","","","","","","","","","","","","","","","","","4.73","4.73","5.97","5.68","6.06","5.97","5.87","7.38","6.07","5.67","4.86","4.52","3.75","4.07","3.91","4.01","3.64","3.54","3.33","3.23","2.99","3.23","3.08","3","2.84","2.95","3.07","3.09","3.29","3.27","3.11","3.08","2.8","","",
"Norway","NOR","Tariff rate, most favored nation, weighted mean, all products (%)","TM.TAX.MRCH.WM.FN.ZS","","","","","","","","","","","","","","","","","","","","","","","","","","","","","4.78","","","","","4.98","","6.45","5.71","4.42","4.84","3.95","4.24","4.69","3.76","3.21","3.45","3.47","3.08","3.2","3.07","3.06","3.94","4.24","4.56","4.85","4.76","4.47","4.42","4.07","4.13","5.33","4.08","","",
"Nepal","NPL","Tariff rate, most favored nation, weighted mean, all products (%)","TM.TAX.MRCH.WM.FN.ZS","","","","","","","","","","","","","","","","","","","","","","","","","","","","","","","","","","15.96","","","","","20.09","14.01","16.84","","15.45","15.86","15.49","15.49","13.26","13.46","421.5","12.9","13.35","12.8","12.87","15.65","11.31","13.08","13.07","","13.42","15.43","12.66","","",
"Nauru","NRU","Tariff rate, most favored nation, weighted mean, all products (%)","TM.TAX.MRCH.WM.FN.ZS","","","","","","","","","","","","","","","","","","","","","","","","","","","","","","","","","","","","","","","","","","","","","","","","","","","","","","","","","11.69","11.27","10.51","15.59","14.39","","",
"New Zealand","NZL","Tariff rate, most favored nation, weighted mean, all products (%)","TM.TAX.MRCH.WM.FN.ZS","","","","","","","","","","","","","","","","","","","","","","","","","","","","","","","","","11.24","9.09","","","6.53","5.64","4.69","4.06","3.09","4.67","4.99","5.57","5.4","5.08","5.17","3.54","2.4","2.29","6.26","2.13","2.36","2.41","2.39","2.56","2.72","2.8","","2.63","2.52","","",
"OECD members","OED","Tariff rate, most favored nation, weighted mean, all products (%)","TM.TAX.MRCH.WM.FN.ZS","","","","","","","","","","","","","","","","","","","","","","","","","","","","","","","","","","","","","","","","","","","","","","","","","","","","","","","","","","","","","","","",
"Oman","OMN","Tariff rate, most favored nation, weighted mean, all products (%)","TM.TAX.MRCH.WM.FN.ZS","","","","","","","","","","","","","","","","","","","","","","","","","","","","","","","","","7.43","","","","","4.49","","","","12.73","13.65","5.07","4.68","4.76","4.9","4.66","4.56","4.54","","","4.32","4.53","4.53","4.41","4.35","4.43","4.43","4.42","4.42","","",
"Other small states","OSS","Tariff rate, most favored nation, weighted mean, all products (%)","TM.TAX.MRCH.WM.FN.ZS","","","","","","","","","","","","","","","","","","","","","","","","","","","","","","","","","","","","","","","","","","","","","","","","","","","","","","","","","","","","","","","",
"Pakistan","PAK","Tariff rate, most favored nation, weighted mean, all products (%)","TM.TAX.MRCH.WM.FN.ZS","","","","","","","","","","","","","","","","","","","","","","","","","","","","","","","","","","","","44.95","","","40.69","23.13","23.12","20.62","17.39","16.72","13.02","13.01","12.77","12.23","9.7","9.88","10.2","9.74","9.79","9.41","9.91","10.66","11.32","","10.57","9.82","9.54","","",
"Panama","PAN","Tariff rate, most favored nation, weighted mean, all products (%)","TM.TAX.MRCH.WM.FN.ZS","","","","","","","","","","","","","","","","","","","","","","","","","","","","","","","","","","","","","","10.62","8.69","7.83","7.19","6.86","7.46","7.89","7.63","7.16","8","8.01","8.14","7.04","6.93","5.76","6.13","6.12","","5.41","","","","","5.77","","",
"Peru","PER","Tariff rate, most favored nation, weighted mean, all products (%)","TM.TAX.MRCH.WM.FN.ZS","","","","","","","","","","","","","","","","","","","","","","","","","","","","","","","","","","16.39","","15.34","","12.7","12.71","12.65","12.82","11.32","9.92","9.5","9.82","9.12","6.82","6.63","2.65","2.83","2.83","1.88","","1.86","1.86","1.8","","1.97","1.97","2.01","2.01","","",
"Philippines","PHL","Tariff rate, most favored nation, weighted mean, all products (%)","TM.TAX.MRCH.WM.FN.ZS","","","","","","","","","","","","","","","","","","","","","","","","","","","","","22.5","22.51","14.79","","14.72","15.56","15.22","14.65","8.53","7.56","6.37","6.09","3.77","3.47","2.62","2.44","3.49","3.77","3.72","3.46","6.04","6.11","6.09","5.67","5.63","5.73","","5.72","5.69","5.72","7.12","5.95","5.98","","",
"Palau","PLW","Tariff rate, most favored nation, weighted mean, all products (%)","TM.TAX.MRCH.WM.FN.ZS","","","","","","","","","","","","","","","","","","","","","","","","","","","","","","","","","","","","","","","","","","","","","","1.76","1.76","","","","6.76","6.54","6.4","","","7.69","7.8","29.88","34.63","118.21","9.6","","",
"Papua New Guinea","PNG","Tariff rate, most favored nation, weighted mean, all products (%)","TM.TAX.MRCH.WM.FN.ZS","","","","","","","","","","","","","","","","","","","","","","","","","","","","","","","","","","","","","","15.6","","15.66","3.13","3.09","2.95","2.3","2.1","2.13","1.89","1.6","2.77","2.72","2.68","","2.57","2.59","","","","","4.64","7.82","3.63","","",
"Poland","POL","Tariff rate, most favored nation, weighted mean, all products (%)","TM.TAX.MRCH.WM.FN.ZS","","","","","","","","","","","","","","","","","","","","","","","","","","","","","4.73","4.73","5.97","5.68","6.06","5.97","5.87","7.38","6.07","5.67","4.86","4.52","3.75","4.07","3.91","4.01","3.64","3.54","3.33","3.23","2.99","3.23","3.08","3","2.84","2.95","3.07","3.09","3.29","3.27","3.11","3.08","2.8","","",
"Pre-demographic dividend","PRE","Tariff rate, most favored nation, weighted mean, all products (%)","TM.TAX.MRCH.WM.FN.ZS","","","","","","","","","","","","","","","","","","","","","","","","","","","","","","","","","","","","","","","","","","","","","","","","","","","","","","","","","","","","","","","",
"Puerto Rico","PRI","Tariff rate, most favored nation, weighted mean, all products (%)","TM.TAX.MRCH.WM.FN.ZS","","","","","","","","","","","","","","","","","","","","","","","","","","","","","","","","","","","","","","","","","","","","","","","","","","","","","","","","","","","","","","","",
"Korea, Dem. People's Rep.","PRK","Tariff rate, most favored nation, weighted mean, all products (%)","TM.TAX.MRCH.WM.FN.ZS","","","","","","","","","","","","","","","","","","","","","","","","","","","","","","","","","","","","","","","","","","","","","","","","","","","","","","","","","","","","","","","",
"Portugal","PRT","Tariff rate, most favored nation, weighted mean, all products (%)","TM.TAX.MRCH.WM.FN.ZS","","","","","","","","","","","","","","","","","","","","","","","","","","","","","4.73","4.73","5.97","5.68","6.06","5.97","5.87","7.38","6.07","5.67","4.86","4.52","3.75","4.07","3.91","4.01","3.64","3.54","3.33","3.23","2.99","3.23","3.08","3","2.84","2.95","3.07","3.09","3.29","3.27","3.11","3.08","2.8","","",
"Paraguay","PRY","Tariff rate, most favored nation, weighted mean, all products (%)","TM.TAX.MRCH.WM.FN.ZS","","","","","","","","","","","","","","","","","","","","","","","","","","","","","","","","11.85","","","8.02","10.71","10.45","11.33","11.46","11.11","10.93","10.74","9.94","9.85","10.31","8.38","5.16","6.57","6.55","6.77","7.14","7.38","7.37","7.56","7.39","7.83","7.71","8.45","8.54","8.54","7.88","","",
"West Bank and Gaza","PSE","Tariff rate, most favored nation, weighted mean, all products (%)","TM.TAX.MRCH.WM.FN.ZS","","","","","","","","","","","","","","","","","","","","","","","","","","","","","","","","","","","","","","","","","","","","","","","","","","","","","","5.39","5.53","4.26","6.05","4.9","","","","","",
"Pacific island small states","PSS","Tariff rate, most favored nation, weighted mean, all products (%)","TM.TAX.MRCH.WM.FN.ZS","","","","","","","","","","","","","","","","","","","","","","","","","","","","","","","","","","","","","","","","","","","","","","","","","","","","","","","","","","","","","","","",
"Post-demographic dividend","PST","Tariff rate, most favored nation, weighted mean, all products (%)","TM.TAX.MRCH.WM.FN.ZS","","","","","","","","","","","","","","","","","","","","","","","","","","","","","","","","","","","","","","","","","","","","","","","","","","","","","","","","","","","","","","","",
"French Polynesia","PYF","Tariff rate, most favored nation, weighted mean, all products (%)","TM.TAX.MRCH.WM.FN.ZS","","","","","","","","","","","","","","","","","","","","","","","","","","","","","","","","","","","","","","","","","","","","","","","","","8.34","9","","8.44","7.34","7.39","7.39","7.31","7.6","7.25","7.25","8.41","8.47","","",
"Qatar","QAT","Tariff rate, most favored nation, weighted mean, all products (%)","TM.TAX.MRCH.WM.FN.ZS","","","","","","","","","","","","","","","","","","","","","","","","","","","","","","","","","","","","","","","","","","","4.28","4.98","5.12","5.02","5.03","4.43","4.36","4.49","4.42","4.42","4.08","4.23","4.18","4.27","4.27","4.7","4.02","3.77","3.89","","",
"Romania","ROU","Tariff rate, most favored nation, weighted mean, all products (%)","TM.TAX.MRCH.WM.FN.ZS","","","","","","","","","","","","","","","","","","","","","","","","","","","","","4.73","4.73","5.97","5.68","6.06","5.97","5.87","7.38","6.07","5.67","4.86","4.52","3.75","4.07","3.91","4.01","3.64","3.54","3.33","3.23","2.99","3.23","3.08","3","2.84","2.95","3.07","3.09","3.29","3.27","3.11","3.08","2.8","","",
"Russian Federation","RUS","Tariff rate, most favored nation, weighted mean, all products (%)","TM.TAX.MRCH.WM.FN.ZS","","","","","","","","","","","","","","","","","","","","","","","","","","","","","","","","","","6.25","9.82","","9.93","11.28","","","","10.78","10.8","","","10.48","","8.04","9.35","8.81","7.99","7.98","8.07","7.37","6.43","5.54","4.56","4.45","4.38","7.4","4.87","","",
"Rwanda","RWA","Tariff rate, most favored nation, weighted mean, all products (%)","TM.TAX.MRCH.WM.FN.ZS","","","","","","","","","","","","","","","","","","","","","","","","","","","","","","","","","","25.33","","","","","","","9.03","8.98","20.12","10.25","","19.12","18.06","","17.44","14.49","16.3","13.76","14.92","13.69","13.88","16.02","13.32","","15.31","14.88","15.89","","",
"South Asia","SAS","Tariff rate, most favored nation, weighted mean, all products (%)","TM.TAX.MRCH.WM.FN.ZS","","","","","","","","","","","","","","","","","","","","","","","","","","","","","","88.43","53.53","","27.01","27.78","56.41","44.95","23.67","20.83","28.23","26.18","21.44","23.28","21.73","19.59","19.9","14.27","10.32","11.71","10.71","7.68","7.91","7.8","6.97","7.05","9.41","8.17","8.42","6.97","","","","","",
"Saudi Arabia","SAU","Tariff rate, most favored nation, weighted mean, all products (%)","TM.TAX.MRCH.WM.FN.ZS","","","","","","","","","","","","","","","","","","","","","","","","","","","","","","","","","","","10.72","","","","","11.5","12.48","11.12","6.53","7.28","7.01","4.35","4.41","4.06","3.56","3.44","","4.16","3.96","3.96","3.84","4.45","","5.02","","","5.19","","",
"Sudan","SDN","Tariff rate, most favored nation, weighted mean, all products (%)","TM.TAX.MRCH.WM.FN.ZS","","","","","","","","","","","","","","","","","","","","","","","","","","","","","","","","","","","","","4.15","","","","","","17.02","","","","13.91","","11.1","18.54","16.7","15.08","","","","","","","","","25.17","","",
"Senegal","SEN","Tariff rate, most favored nation, weighted mean, all products (%)","TM.TAX.MRCH.WM.FN.ZS","","","","","","","","","","","","","","","","","","","","","","","","","","","","","","","","","","","","","","","","","","9.4","8.26","9.12","9.25","9.2","9.7","8.83","8.83","9.36","9.11","8.9","8.49","8.48","8.79","9.09","9.43","12.3","11.73","9.72","9.89","","",
"Singapore","SGP","Tariff rate, most favored nation, weighted mean, all products (%)","TM.TAX.MRCH.WM.FN.ZS","","","","","","","","","","","","","","","","","","","","","","","","","","","","","","3.26","","","","","","0.33","0.05","0.05","0.05","0.05","0.04","0.04","0.04","0.04","0","0.03","0.03","0.03","0.15","0.18","0.14","0.16","0.18","0.25","0.24","0.28","0.24","0.21","0.68","1.44","0.16","","",
"Solomon Islands","SLB","Tariff rate, most favored nation, weighted mean, all products (%)","TM.TAX.MRCH.WM.FN.ZS","","","","","","","","","","","","","","","","","","","","","","","","","","","","","","","","","","","","","","","","","","","","","","","","","14.62","","","","","","","36.09","14.6","18.91","30.69","18.01","13.62","","",
"Sierra Leone","SLE","Tariff rate, most favored nation, weighted mean, all products (%)","TM.TAX.MRCH.WM.FN.ZS","","","","","","","","","","","","","","","","","","","","","","","","","","","","","","","","","","","","","","","","","","","","","15.32","","14.33","","","","10.31","9.91","10.41","","","","","","","","14.24","","",
"El Salvador","SLV","Tariff rate, most favored nation, weighted mean, all products (%)","TM.TAX.MRCH.WM.FN.ZS","","","","","","","","","","","","","","","","","","","","","","","","","","","","","","","","","","","","9.15","7.72","7.37","6.34","6.38","6.84","6.89","7.09","7.38","7.27","7.48","9.25","7","7.06","7.35","6.85","6.81","6.98","6.92","6.75","7.16","","7.73","7.73","8.2","8.42","","",
"San Marino","SMR","Tariff rate, most favored nation, weighted mean, all products (%)","TM.TAX.MRCH.WM.FN.ZS","","","","","","","","","","","","","","","","","","","","","","","","","","","","","","","","","","","","","","","","","","","","","","","","","","","","","","","","","","","","","","","",
"Somalia","SOM","Tariff rate, most favored nation, weighted mean, all products (%)","TM.TAX.MRCH.WM.FN.ZS","","","","","","","","","","","","","","","","","","","","","","","","","","","","","","","","","","","","","","","","","","","","","","","","","","","","","","","","","","","","","","","",
"Serbia","SRB","Tariff rate, most favored nation, weighted mean, all products (%)","TM.TAX.MRCH.WM.FN.ZS","","","","","","","","","","","","","","","","","","","","","","","","","","","","","","","","","","","","","","","","","","10.69","7.88","","","6.03","","6.28","6.15","6.1","5.65","5.76","","5.92","","6.26","6.48","6.49","6.49","","","","",
"Sub-Saharan Africa (excluding high income)","SSA","Tariff rate, most favored nation, weighted mean, all products (%)","TM.TAX.MRCH.WM.FN.ZS","","","","","","","","","","","","","","","","","","","","","","","","","","","","","16.41","24.69","14.11","11.32","25.32","12.48","18.2","45.34","12.85","10.22","17.21","9.76","9.83","10.52","10.91","10.59","7.79","8.37","8.55","7.99","8.06","8.89","9.12","8.55","8.18","8.42","8.47","8.66","9.15","7.85","","","","","",
"South Sudan","SSD","Tariff rate, most favored nation, weighted mean, all products (%)","TM.TAX.MRCH.WM.FN.ZS","","","","","","","","","","","","","","","","","","","","","","","","","","","","","","","","","","","","","","","","","","","","","","","","","","","","","","","","","","","","","","","",
"Sub-Saharan Africa","SSF","Tariff rate, most favored nation, weighted mean, all products (%)","TM.TAX.MRCH.WM.FN.ZS","","","","","","","","","","","","","","","","","","","","","","","","","","","","","16.41","24.69","14.11","11.32","25.32","12.48","18.2","45.34","12.85","10.22","17.18","9.76","9.83","10.54","10.93","10.57","7.79","8.42","8.51","7.97","8.01","8.85","9.09","8.55","8.18","8.42","8.43","8.66","9.15","7.85","","","","","",
"Small states","SST","Tariff rate, most favored nation, weighted mean, all products (%)","TM.TAX.MRCH.WM.FN.ZS","","","","","","","","","","","","","","","","","","","","","","","","","","","","","","","","","","","","","","","","","","","","","","","","","","","","","","","","","","","","","","","",
"Sao Tome and Principe","STP","Tariff rate, most favored nation, weighted mean, all products (%)","TM.TAX.MRCH.WM.FN.ZS","","","","","","","","","","","","","","","","","","","","","","","","","","","","","","","","","","","","","","","","","","","","","","","","","","","","","","8.02","8.24","9.07","10.44","","9.46","9.97","","","",
"Suriname","SUR","Tariff rate, most favored nation, weighted mean, all products (%)","TM.TAX.MRCH.WM.FN.ZS","","","","","","","","","","","","","","","","","","","","","","","","","","","","","","","","","","","","","16.7","","","14","12.17","","","","","","","11.94","","10.78","10.79","9.8","10.88","10.88","","","","","11.77","10.36","10.36","","",
"Slovak Republic","SVK","Tariff rate, most favored nation, weighted mean, all products (%)","TM.TAX.MRCH.WM.FN.ZS","","","","","","","","","","","","","","","","","","","","","","","","","","","","","4.73","4.73","5.97","5.68","6.06","5.97","5.87","7.38","6.07","5.67","4.86","4.52","3.75","4.07","3.91","4.01","3.64","3.54","3.33","3.23","2.99","3.23","3.08","3","2.84","2.95","3.07","3.09","3.29","3.27","3.11","3.08","2.8","","",
"Slovenia","SVN","Tariff rate, most favored nation, weighted mean, all products (%)","TM.TAX.MRCH.WM.FN.ZS","","","","","","","","","","","","","","","","","","","","","","","","","","","","","4.73","4.73","5.97","5.68","6.06","5.97","5.87","7.38","6.07","5.67","4.86","4.52","3.75","4.07","3.91","4.01","3.64","3.54","3.33","3.23","2.99","3.23","3.08","3","2.84","2.95","3.07","3.09","3.29","3.27","3.11","3.08","2.8","","",
"Sweden","SWE","Tariff rate, most favored nation, weighted mean, all products (%)","TM.TAX.MRCH.WM.FN.ZS","","","","","","","","","","","","","","","","","","","","","","","","","","","","","4.73","4.73","5.97","5.68","6.06","5.97","5.87","7.38","6.07","5.67","4.86","4.52","3.75","4.07","3.91","4.01","3.64","3.54","3.33","3.23","2.99","3.23","3.08","3","2.84","2.95","3.07","3.09","3.29","3.27","3.11","3.08","2.8","","",
"Eswatini","SWZ","Tariff rate, most favored nation, weighted mean, all products (%)","TM.TAX.MRCH.WM.FN.ZS","","","","","","","","","","","","","","","","","","","","","","","","","","","","","","","","","","","","","","","","","","11.02","8.96","","10.53","9.79","9.47","8.47","7.49","12.52","7.43","11.17","6.3","8.97","8.62","8.36","8.71","9.74","10.02","45.38","10.05","","",
"Sint Maarten (Dutch part)","SXM","Tariff rate, most favored nation, weighted mean, all products (%)","TM.TAX.MRCH.WM.FN.ZS","","","","","","","","","","","","","","","","","","","","","","","","","","","","","","","","","","","","","","","","","","","","","","","","","","","","","","","","","","","","","","","",
"Seychelles","SYC","Tariff rate, most favored nation, weighted mean, all products (%)","TM.TAX.MRCH.WM.FN.ZS","","","","","","","","","","","","","","","","","","","","","","","","","","","","","","","","","","","","","","","","","26.92","32.53","","","","32.6","32.58","30.07","","","","","","","","4.65","5.94","5.33","6.59","22.68","3.88","","",
"Syrian Arab Republic","SYR","Tariff rate, most favored nation, weighted mean, all products (%)","TM.TAX.MRCH.WM.FN.ZS","","","","","","","","","","","","","","","","","","","","","","","","","","","","","","","","","","","","","","","","","","","15.5","","","","","","","8.16","8.92","","","16.92","","","","","","","10.43","","",
"Turks and Caicos Islands","TCA","Tariff rate, most favored nation, weighted mean, all products (%)","TM.TAX.MRCH.WM.FN.ZS","","","","","","","","","","","","","","","","","","","","","","","","","","","","","","","","","","","","","","","","","","","","","","","","","","","","","","","","","","","","","","","",
"Chad","TCD","Tariff rate, most favored nation, weighted mean, all products (%)","TM.TAX.MRCH.WM.FN.ZS","","","","","","","","","","","","","","","","","","","","","","","","","","","","","","","","","","","","17.31","","17.31","","","","13.07","14.38","14.05","12.69","13.63","14.52","13.27","14.51","14.27","14.71","15.16","","14.16","","13.92","16.36","","","","","","",
"East Asia & Pacific (IDA & IBRD countries)","TEA","Tariff rate, most favored nation, weighted mean, all products (%)","TM.TAX.MRCH.WM.FN.ZS","","","","","","","","","","","","","","","","","","","","","","","","","","","","","","","","","","","","","","","","","","","","","","","","","","","","","","","","","","","","","","","",
"Europe & Central Asia (IDA & IBRD countries)","TEC","Tariff rate, most favored nation, weighted mean, all products (%)","TM.TAX.MRCH.WM.FN.ZS","","","","","","","","","","","","","","","","","","","","","","","","","","","","","","","","","","","","","","","","","","","","","","","","","","","","","","","","","","","","","","","",
"Togo","TGO","Tariff rate, most favored nation, weighted mean, all products (%)","TM.TAX.MRCH.WM.FN.ZS","","","","","","","","","","","","","","","","","","","","","","","","","","","","","","","","","","","","","13.79","14.58","","14.99","11.36","10.91","10.2","10.78","10.79","10.4","11.11","10.96","10.96","11.02","11.11","11.52","9.7","9.67","9.66","11","10.99","13.43","13.48","12.53","12.53","","",
"Thailand","THA","Tariff rate, most favored nation, weighted mean, all products (%)","TM.TAX.MRCH.WM.FN.ZS","","","","","","","","","","","","","","","","","","","","","","","","","","","","","","33.65","","33.63","","36.64","","14.86","","","","33.51","9.54","9.28","","9.73","6.03","5.55","5.35","4.32","4.27","4.76","5","4.85","","6.06","6.65","6.86","","","","","","","",
"Tajikistan","TJK","Tariff rate, most favored nation, weighted mean, all products (%)","TM.TAX.MRCH.WM.FN.ZS","","","","","","","","","","","","","","","","","","","","","","","","","","","","","","","","","","","","","","","","","","","","","","","6.98","","","","8.02","","7.27","7.58","7.48","7.81","7.55","7.27","","","7.23","","",
"Turkmenistan","TKM","Tariff rate, most favored nation, weighted mean, all products (%)","TM.TAX.MRCH.WM.FN.ZS","","","","","","","","","","","","","","","","","","","","","","","","","","","","","","","","","","","","","","","0","","","","2.88","","","","","","","","","","","","","","","","","","","","",
"Latin America & the Caribbean (IDA & IBRD countries)","TLA","Tariff rate, most favored nation, weighted mean, all products (%)","TM.TAX.MRCH.WM.FN.ZS","","","","","","","","","","","","","","","","","","","","","","","","","","","","","","","","","","","","","","","","","","","","","","","","","","","","","","","","","","","","","","","",
"Timor-Leste","TLS","Tariff rate, most favored nation, weighted mean, all products (%)","TM.TAX.MRCH.WM.FN.ZS","","","","","","","","","","","","","","","","","","","","","","","","","","","","","","","","","","","","","","","","","","","","","","","","","","","","2.5","2.5","2.5","2.5","2.5","2.5","","","","2.53","","",
"Middle East & North Africa (IDA & IBRD countries)","TMN","Tariff rate, most favored nation, weighted mean, all products (%)","TM.TAX.MRCH.WM.FN.ZS","","","","","","","","","","","","","","","","","","","","","","","","","","","","","","","","","","","","","","","","","","","","","","","","","","","","","","","","","","","","","","","",
"Tonga","TON","Tariff rate, most favored nation, weighted mean, all products (%)","TM.TAX.MRCH.WM.FN.ZS","","","","","","","","","","","","","","","","","","","","","","","","","","","","","","","","","","","","","","","","","","","","","","","","","","4.71","5.12","5.58","5.5","5.17","","5.72","5.74","5.53","","","6.56","","",
"South Asia (IDA & IBRD)","TSA","Tariff rate, most favored nation, weighted mean, all products (%)","TM.TAX.MRCH.WM.FN.ZS","","","","","","","","","","","","","","","","","","","","","","","","","","","","","","","","","","","","","","","","","","","","","","","","","","","","","","","","","","","","","","","",
"Sub-Saharan Africa (IDA & IBRD countries)","TSS","Tariff rate, most favored nation, weighted mean, all products (%)","TM.TAX.MRCH.WM.FN.ZS","","","","","","","","","","","","","","","","","","","","","","","","","","","","","","","","","","","","","","","","","","","","","","","","","","","","","","","","","","","","","","","",
"Trinidad and Tobago","TTO","Tariff rate, most favored nation, weighted mean, all products (%)","TM.TAX.MRCH.WM.FN.ZS","","","","","","","","","","","","","","","","","","","","","","","","","","","","","","","","13.15","15.09","","","","7.18","","","17.85","","6.56","4.92","5.46","6.23","8.3","12.49","10.65","14.29","","8.61","8.62","9.06","9.03","","","","","","","","","",
"Tunisia","TUN","Tariff rate, most favored nation, weighted mean, all products (%)","TM.TAX.MRCH.WM.FN.ZS","","","","","","","","","","","","","","","","","","","","","","","","","","","","","","","25.87","","26.02","","","27.36","","","25.67","","23.38","","26.38","22.15","22.4","19.65","19.17","","15.93","18.61","13.77","14.46","12.58","11.28","","11.26","9.35","","","","","","",
"Turkiye","TUR","Tariff rate, most favored nation, weighted mean, all products (%)","TM.TAX.MRCH.WM.FN.ZS","","","","","","","","","","","","","","","","","","","","","","","","","","","","","","","","","","7.9","","6.74","5.71","5.65","5.73","5.34","4.98","3.93","3.95","4.33","4.15","3.85","3.72","4.06","3.93","4.42","4.7","5.11","","5.21","","5.8","5.37","5.58","4.56","5.09","4.81","","",
"Tuvalu","TUV","Tariff rate, most favored nation, weighted mean, all products (%)","TM.TAX.MRCH.WM.FN.ZS","","","","","","","","","","","","","","","","","","","","","","","","","","","","","","","","","","","","","","","","","","","","","","","","","","","1.59","","","","","","","2.43","","","","","",
"Tanzania","TZA","Tariff rate, most favored nation, weighted mean, all products (%)","TM.TAX.MRCH.WM.FN.ZS","","","","","","","","","","","","","","","","","","","","","","","","","","","","","","","","","","15.62","","","","18.29","19.48","","13.07","","","8.79","","9.13","8.97","8.13","8.62","9.45","9.52","8.1","9.55","8.89","8.84","8.07","10.2","","10.41","10.29","11.04","","",
"Uganda","UGA","Tariff rate, most favored nation, weighted mean, all products (%)","TM.TAX.MRCH.WM.FN.ZS","","","","","","","","","","","","","","","","","","","","","","","","","","","","","","","","","","","16.82","","","","","","7.3","7.21","7.07","6.64","6.26","12.54","10.75","11.01","11.14","12.12","11.88","10.54","11.02","10.49","10.66","10.4","9.84","","11.57","11.98","15","","",
"Ukraine","UKR","Tariff rate, most favored nation, weighted mean, all products (%)","TM.TAX.MRCH.WM.FN.ZS","","","","","","","","","","","","","","","","","","","","","","","","","","","","","","","","","","","","3.36","","3.93","","","","","3.99","","","","4.13","4.69","4.69","2.47","2.9","2.42","2.57","2.78","2.65","2.46","2.46","2.73","2.73","10.63","3.26","","",
"Upper middle income","UMC","Tariff rate, most favored nation, weighted mean, all products (%)","TM.TAX.MRCH.WM.FN.ZS","","","","","","","","","","","","","","","","","","","","","","","","","","","","","14.19","32.95","15.49","17.26","26.44","19.81","20.44","12.16","13.25","11.71","12.37","13.91","11.96","11.56","9.68","8.71","7.59","6.96","6.28","6.81","6.68","5.87","5.97","6.81","6.96","6.39","5.99","6.04","5.08","5.53","","","","","",
"Uruguay","URY","Tariff rate, most favored nation, weighted mean, all products (%)","TM.TAX.MRCH.WM.FN.ZS","","","","","","","","","","","","","","","","","","","","","","","","","","","","","","","","","5.81","","","10.62","10.32","10.55","12.88","12.31","12.15","12.37","10.67","","9.31","8","7.26","7.68","6.55","7.72","8.51","8.64","7.96","8.64","8.63","8.59","9.42","11.33","9.82","9.8","10.01","","",
"United States","USA","Tariff rate, most favored nation, weighted mean, all products (%)","TM.TAX.MRCH.WM.FN.ZS","","","","","","","","","","","","","","","","","","","","","","","","","","","","","","4.56","4.66","4.73","4.8","4.71","","4.27","4.11","3.67","3.6","3.89","3.4","3.46","3.33","3.2","2.99","2.96","2.91","2.42","2.76","2.82","2.81","2.81","2.79","2.81","2.78","2.79","2.79","3.07","3.19","17.94","2.56","","",
"Uzbekistan","UZB","Tariff rate, most favored nation, weighted mean, all products (%)","TM.TAX.MRCH.WM.FN.ZS","","","","","","","","","","","","","","","","","","","","","","","","","","","","","","","","","","","","","","","","","","5.83","","","","","11.46","11.91","11.82","11.12","","","11.95","","10.59","9.26","","","","","4.53","","",
"St. Vincent and the Grenadines","VCT","Tariff rate, most favored nation, weighted mean, all products (%)","TM.TAX.MRCH.WM.FN.ZS","","","","","","","","","","","","","","","","","","","","","","","","","","","","","","","","","","","","","17.45","","","15.83","15.04","12.5","11.68","11.76","","","5.96","12.09","","","10.8","10.25","11.75","11.75","","11.06","12.98","13.36","13.3","13.3","13.38","","",
"Venezuela, RB","VEN","Tariff rate, most favored nation, weighted mean, all products (%)","TM.TAX.MRCH.WM.FN.ZS","","","","","","","","","","","","","","","","","","","","","","","","","","","","","","","","","16.36","","","13.1","","13.4","13.69","13.02","13.37","14.46","13.7","12.75","13.27","13.6","14.18","15.55","14.99","13.61","12","12.51","12.51","12.51","13.93","14.48","13.9","14.52","16.49","16.15","18.87","","",
"British Virgin Islands","VGB","Tariff rate, most favored nation, weighted mean, all products (%)","TM.TAX.MRCH.WM.FN.ZS","","","","","","","","","","","","","","","","","","","","","","","","","","","","","","","","","","","","","","","","","","","","","","","","","","","","","","","","","","","","","","","",
"Virgin Islands (U.S.)","VIR","Tariff rate, most favored nation, weighted mean, all products (%)","TM.TAX.MRCH.WM.FN.ZS","","","","","","","","","","","","","","","","","","","","","","","","","","","","","","","","","","","","","","","","","","","","","","","","","","","","","","","","","","","","","","","",
"Viet Nam","VNM","Tariff rate, most favored nation, weighted mean, all products (%)","TM.TAX.MRCH.WM.FN.ZS","","","","","","","","","","","","","","","","","","","","","","","","","","","","","","","","","","","15.19","","","","","19.2","","15.29","15.08","12.68","12.63","12.73","11.71","11.39","6.12","7.88","6.47","","4.98","5.37","5.42","5.76","5.75","5.88","8.97","5.6","5.3","","",
"Vanuatu","VUT","Tariff rate, most favored nation, weighted mean, all products (%)","TM.TAX.MRCH.WM.FN.ZS","","","","","","","","","","","","","","","","","","","","","","","","","","","","","","","","","","","","","","","","","","","20.27","17.09","17.14","17.16","16","19.12","19.08","19.04","","","5.6","","","5.53","9","11.31","","","12.66","","",
"World","WLD","Tariff rate, most favored nation, weighted mean, all products (%)","TM.TAX.MRCH.WM.FN.ZS","","","","","","","","","","","","","","","","","","","","","","","","","","","","","5.75","6.91","7.8","7.02","8.15","8.85","9.69","7.35","7.1","6.42","6.03","6.54","5.84","6.17","5.74","5.55","4.96","4.7","4.34","4.5","4.53","4.32","4.3","4.56","3.93","4.06","4.11","4.3","4.1","4.17","","","","","",
"Samoa","WSM","Tariff rate, most favored nation, weighted mean, all products (%)","TM.TAX.MRCH.WM.FN.ZS","","","","","","","","","","","","","","","","","","","","","","","","","","","","","","","","","","","","","","","","","","","","","","","","","","","","9.85","9.86","9.71","9.98","10.28","10.58","10.19","10.85","","10.38","","",
"Kosovo","XKX","Tariff rate, most favored nation, weighted mean, all products (%)","TM.TAX.MRCH.WM.FN.ZS","","","","","","","","","","","","","","","","","","","","","","","","","","","","","","","","","","","","","","","","","","","","","","","","","","","","","","","","","","","","","","","",
"Yemen, Rep.","YEM","Tariff rate, most favored nation, weighted mean, all products (%)","TM.TAX.MRCH.WM.FN.ZS","","","","","","","","","","","","","","","","","","","","","","","","","","","","","","","","","","","","","","","","","11.73","","","","","","6.46","","","5.71","","5.95","6.05","5.34","","6.15","6.2","5.4","","","","","",
"South Africa","ZAF","Tariff rate, most favored nation, weighted mean, all products (%)","TM.TAX.MRCH.WM.FN.ZS","","","","","","","","","","","","","","","","","","","","","","","","","","","","","13.39","","10.5","11.32","","13.45","","","8.55","5.99","","5.47","5.36","5.27","5.12","5.34","5.54","6.16","5.93","5.64","4.76","5.36","5.71","5.58","5.51","5.77","5.44","6.06","6.49","6.65","6.29","9.39","6.48","","",
"Zambia","ZMB","Tariff rate, most favored nation, weighted mean, all products (%)","TM.TAX.MRCH.WM.FN.ZS","","","","","","","","","","","","","","","","","","","","","","","","","","","","","","","","","","17.89","","","","11.33","","","","14.28","10.68","10.98","12.58","10.45","11.56","9.63","9.61","8.73","7.81","8.47","8.41","8.57","","8.94","16.88","","7.44","","9.39","","",
"Zimbabwe","ZWE","Tariff rate, most favored nation, weighted mean, all products (%)","TM.TAX.MRCH.WM.FN.ZS","","","","","","","","","","","","","","","","","","","","","","","","","","","","","","","","","","","","","39.68","17.11","19.81","17.59","11.57","10.55","17.48","17.33","","","","13.13","","","16.6","13.49","14.76","","","12.86","10.62","","","","","","",
